LW_Sub1_ProdTrip,LW_Sub1_ProdTrip,Conveyor Tripped,LW_Sub1_ProdTrip,NOT LW_Sub1_OOS,Alm_Prod,LW_Sub1_Power,Priv_Alarm,Area_LW_Sub1,Conveyor Tripped,,,LW903 Sub1,,,,,,,,LW1_Cl,,,,,,LW1.Sub1,,
LW_Sub1_Reset_C,LW_Sub1_Reset_C,SCADA Reset Command,LW_Sub1_Reset_C,NOT LW_Sub1_OOS,Alm_Event,LW_Sub1_Power,Priv_Alarm,Area_LW_Sub1,SCADA Reset Command,,,LW903 Sub1,,,,,,,,LW1_Cl,,,,,,LW1.Sub1,,
LW_Sub1_ResetPB,LW_Sub1_ResetPB,Local Reset Push Button,LW_Sub1_ResetPB,NOT LW_Sub1_OOS,Alm_Event,LW_Sub1_Power,Priv_Alarm,Area_LW_Sub1,Local Reset Push Button,,,LW903 Sub1,,,,,,,,LW1_Cl,,,,,,LW1.Sub1,,
LW_Sub1_Transformer_LTDoorLimits_SR_t,LW_Sub1_Transformer_LTDoorLimits_SR_t,Transformer LT Door Limits Safety Relay Trip,LW_Sub1_Transformer_LTDoorLimits_SR_t,NOT LW_Sub1_OOS,Alm_Trip,LW_Sub1_Power,Priv_Alarm,Area_LW_Sub1,Transformer LT Door Limits Safety Relay Trip,,,LW903 Sub1,,,,,,,,LW1_Cl,,,,,,LW1.Sub1,,
LW_Sub1_240V_NER_ISO_OPN_T,LW_Sub1_240V_NER_ISO_OPN_T,240V NER Switch Open,LW_Sub1_240V_NER_ISO_OPN_T,NOT LW_Sub1_OOS,Alm_Trip,LW_Sub1_Power,Priv_Alarm,Area_LW_Sub1,240V NER Switch Open,,,LW903 Sub1,,,,,,,,LW1_Cl,,,,,,LW1.Sub1,,
LW_Sub1_BUEL_240V_T,LW_Sub1_BUEL_240V_T,240V BUEL Tripped,LW_Sub1_BUEL_240V_T,NOT LW_Sub1_OOS,Alm_Trip,LW_Sub1_Power,Priv_Alarm,Area_LW_Sub1,240V BUEL Tripped,,,LW903 Sub1,,,,,,,,LW1_Cl,,,,,,LW1.Sub1,,
LW_Sub1_CB_240V_OPN_W,LW_Sub1_CB_240V_OPN_W,240V CB Open,LW_Sub1_CB_240V_OPN_W,NOT LW_Sub1_OOS,Alm_Trip,LW_Sub1_Power,Priv_Alarm,Area_LW_Sub1,240V CB Open,,,LW903 Sub1,,,,,,,,LW1_Cl,,,,,,LW1.Sub1,,
LW_Sub1_Face_CB_ESW_CLSD_W,LW_Sub1_Face_CB_ESW_CLSD_W,Face CB Earth Switch Closed,LW_Sub1_Face_CB_ESW_CLSD_W,NOT LW_Sub1_OOS,Alm_Trip,LW_Sub1_Power,Priv_Alarm,Area_LW_Sub1,Face CB Earth Switch Closed,,,LW903 Sub1,,,,,,,,LW1_Cl,,,,,,LW1.Sub1,,
LW_Sub1_MC_240V_OPN_W,LW_Sub1_MC_240V_OPN_W,240V MC Open,LW_Sub1_MC_240V_OPN_W,NOT LW_Sub1_OOS,Alm_Trip,LW_Sub1_Power,Priv_Alarm,Area_LW_Sub1,240V MC Open,,,LW903 Sub1,,,,,,,,LW1_Cl,,,,,,LW1.Sub1,,
LW_Sub1_TXF_CB_CLO_c_CMD_i,LW_Sub1_TXF_CB_CLO_c_CMD_i,Transformer CB SCADA Close,LW_Sub1_TXF_CB_CLO_c_CMD_i,NOT LW_Sub1_OOS,Alm_Event,LW_Sub1_Power,Priv_Alarm,Area_LW_Sub1,Transformer CB SCADA Close,,,LW903 Sub1,,,,,,,,LW1_Cl,,,,,,LW1.Sub1,,
LW_Sub1_TXF_CB_OPN_c_CMD_i,LW_Sub1_TXF_CB_OPN_c_CMD_i,Transformer CB SCADA Open,LW_Sub1_TXF_CB_OPN_c_CMD_i,NOT LW_Sub1_OOS,Alm_Event,LW_Sub1_Power,Priv_Alarm,Area_LW_Sub1,Transformer CB SCADA Open,,,LW903 Sub1,,,,,,,,LW1_Cl,,,,,,LW1.Sub1,,
LW_Sub1_TXF_CB_Tst_UV_c_CMD_i,LW_Sub1_TXF_CB_Tst_UV_c_CMD_i,Transformer CB UV Trip Test,LW_Sub1_TXF_CB_Tst_UV_c_CMD_i,NOT LW_Sub1_OOS,Alm_Event,LW_Sub1_Power,Priv_Alarm,Area_LW_Sub1,Transformer CB UV Trip Test,,,LW903 Sub1,,,,,,,,LW1_Cl,,,,,,LW1.Sub1,,
LW_Sub1_TXF_CB_Tst_ST_c_CMD_i,LW_Sub1_TXF_CB_Tst_ST_c_CMD_i,Transformer CB ST Trip Test,LW_Sub1_TXF_CB_Tst_ST_c_CMD_i,NOT LW_Sub1_OOS,Alm_Event,LW_Sub1_Power,Priv_Alarm,Area_LW_Sub1,Transformer CB ST Trip Test,,,LW903 Sub1,,,,,,,,LW1_Cl,,,,,,LW1.Sub1,,
LW_Sub1_UFES_RDY_t,LW_Sub1_UFES_RDY_t,Transformer UFES Ready Trip,LW_Sub1_UFES_RDY_t,NOT LW_Sub1_OOS,Alm_Trip,LW_Sub1_Power,Priv_Alarm,Area_LW_Sub1,Transformer UFES Ready Trip,,,LW903 Sub1,,,,,,,,LW1_Cl,,,,,,LW1.Sub1,,
LW_Sub1_UFES_BLKD_t,LW_Sub1_UFES_BLKD_t,Transformer UFES Blocked Trip,LW_Sub1_UFES_BLKD_t,NOT LW_Sub1_OOS,Alm_Trip,LW_Sub1_Power,Priv_Alarm,Area_LW_Sub1,Transformer UFES Blocked Trip,,,LW903 Sub1,,,,,,,,LW1_Cl,,,,,,LW1.Sub1,,
LW_Sub1_UFES_TRP_t,LW_Sub1_UFES_TRP_t,Transformer UFES Tripped,LW_Sub1_UFES_TRP_t,NOT LW_Sub1_OOS,Alm_Trip,LW_Sub1_Power,Priv_Alarm,Area_LW_Sub1,Transformer UFES Tripped,,,LW903 Sub1,,,,,,,,LW1_Cl,,,,,,LW1.Sub1,,
LW_Sub1_TXF_ESTP_HT_i,LW_Sub1_TXF_ESTP_HT_i,Transformer Emergency Stop High Tension Active,LW_Sub1_TXF_ESTP_HT_i,NOT LW_Sub1_OOS,Alm_Trip,LW_Sub1_Power,Priv_Alarm,Area_LW_Sub1,Transformer Emergency Stop High Tension Active,,,LW903 Sub1,,,,,,,,LW1_Cl,,,,,,LW1.Sub1,,
LW_Sub1_TXF_ESTP_LT1_i,LW_Sub1_TXF_ESTP_LT1_i,Transformer Emergency Stop Low Tension 1 Active,LW_Sub1_TXF_ESTP_LT1_i,NOT LW_Sub1_OOS,Alm_Trip,LW_Sub1_Power,Priv_Alarm,Area_LW_Sub1,Transformer Emergency Stop Low Tension 1 Active,,,LW903 Sub1,,,,,,,,LW1_Cl,,,,,,LW1.Sub1,,
LW_Sub1_TXF_ESTP_LT2_i,LW_Sub1_TXF_ESTP_LT2_i,Transformer Emergency Stop Low Tension 2 Active,LW_Sub1_TXF_ESTP_LT2_i,NOT LW_Sub1_OOS,Alm_Trip,LW_Sub1_Power,Priv_Alarm,Area_LW_Sub1,Transformer Emergency Stop Low Tension 2 Active,,,LW903 Sub1,,,,,,,,LW1_Cl,,,,,,LW1.Sub1,,
LW_Sub1_TXF_ESTP_PEND_i,LW_Sub1_TXF_ESTP_PEND_i,Transformer Emergency Stop Pendant Active,LW_Sub1_TXF_ESTP_PEND_i,NOT LW_Sub1_OOS,Alm_Trip,LW_Sub1_Power,Priv_Alarm,Area_LW_Sub1,Transformer Emergency Stop Pendant Active,,,LW903 Sub1,,,,,,,,LW1_Cl,,,,,,LW1.Sub1,,
LW_Sub1_TXF_BU_EL_t,LW_Sub1_TXF_BU_EL_t,Transformer Backup Earth Leakage Protection Relay Tripped,LW_Sub1_TXF_BU_EL_t,NOT LW_Sub1_OOS,Alm_Trip,LW_Sub1_Power,Priv_Alarm,Area_LW_Sub1,Transformer Backup Earth Leakage Protection Relay Tripped,,,LW903 Sub1,,,,,,,,LW1_Cl,,,,,,LW1.Sub1,,
LW_Sub1_TXF_TAP_COV_t,LW_Sub1_TXF_TAP_COV_t,Transformer Tap Changer Cover Limit Tripped,LW_Sub1_TXF_TAP_COV_t,NOT LW_Sub1_OOS,Alm_Trip,LW_Sub1_Power,Priv_Alarm,Area_LW_Sub1,Transformer Tap Changer Cover Limit Tripped,,,LW903 Sub1,,,,,,,,LW1_Cl,,,,,,LW1.Sub1,,
LW_Sub1_TXF_NER_ISO_t,LW_Sub1_TXF_NER_ISO_t,Transformer NER Isolator Tripped,LW_Sub1_TXF_NER_ISO_t,NOT LW_Sub1_OOS,Alm_Trip,LW_Sub1_Power,Priv_Alarm,Area_LW_Sub1,Transformer NER Isolator Tripped,,,LW903 Sub1,,,,,,,,LW1_Cl,,,,,,LW1.Sub1,,
LW_Sub1_TXF_SEPAM_t,LW_Sub1_TXF_SEPAM_t,Transformer 11kV Supply Sepam Tripped,LW_Sub1_TXF_SEPAM_t,NOT LW_Sub1_OOS,Alm_Trip,LW_Sub1_Power,Priv_Alarm,Area_LW_Sub1,Transformer 11kV Supply Sepam Tripped,,,LW903 Sub1,,,,,,,,LW1_Cl,,,,,,LW1.Sub1,,
LW_Sub1_TXF_SEPAM_WTDG_t,LW_Sub1_TXF_SEPAM_WTDG_t,Transformer 11kV Supply Sepam Watchdog Tripped,LW_Sub1_TXF_SEPAM_WTDG_t,NOT LW_Sub1_OOS,Alm_Trip,LW_Sub1_Power,Priv_Alarm,Area_LW_Sub1,Transformer 11kV Supply Sepam Watchdog Tripped,,,LW903 Sub1,,,,,,,,LW1_Cl,,,,,,LW1.Sub1,,
LW_Sub1_TXF_SEPAM_OC_t,LW_Sub1_TXF_SEPAM_OC_t,Transformer Sepam Overcurrent Trip,LW_Sub1_TXF_SEPAM_OC_t,NOT LW_Sub1_OOS,Alm_Trip,LW_Sub1_Power,Priv_Alarm,Area_LW_Sub1,Transformer Sepam Overcurrent Trip,,,LW903 Sub1,,,,,,,,LW1_Cl,,,,,,LW1.Sub1,,
LW_Sub1_TXF_SEPAM_SC_t,LW_Sub1_TXF_SEPAM_SC_t,Transformer SEPAM Short Circuit Trip,LW_Sub1_TXF_SEPAM_SC_t,NOT LW_Sub1_OOS,Alm_Trip,LW_Sub1_Power,Priv_Alarm,Area_LW_Sub1,Transformer SEPAM Short Circuit Trip,,,LW903 Sub1,,,,,,,,LW1_Cl,,,,,,LW1.Sub1,,
LW_Sub1_TXF_LT_DR_LIM_t,LW_Sub1_TXF_LT_DR_LIM_t,Transformer LT Door Limits Trip,LW_Sub1_TXF_LT_DR_LIM_t,NOT LW_Sub1_OOS,Alm_Trip,LW_Sub1_Power,Priv_Alarm,Area_LW_Sub1,Transformer LT Door Limits Trip,,,LW903 Sub1,,,,,,,,LW1_Cl,,,,,,LW1.Sub1,,
LW_Sub1_TXF_NER_RES_t,LW_Sub1_TXF_NER_RES_t,Transformer Neutral Earthing Resistor Fault,LW_Sub1_TXF_NER_RES_t,NOT LW_Sub1_OOS,Alm_Trip,LW_Sub1_Power,Priv_Alarm,Area_LW_Sub1,Transformer Neutral Earthing Resistor Fault,,,LW903 Sub1,,,,,,,,LW1_Cl,,,,,,LW1.Sub1,,
LW_Sub1_TXF_NER_MON_t,LW_Sub1_TXF_NER_MON_t,Transformer Neutral Earthing Monitor Tripped,LW_Sub1_TXF_NER_MON_t,NOT LW_Sub1_OOS,Alm_Trip,LW_Sub1_Power,Priv_Alarm,Area_LW_Sub1,Transformer Neutral Earthing Monitor Tripped,,,LW903 Sub1,,,,,,,,LW1_Cl,,,,,,LW1.Sub1,,
LW_Sub1_TXF_Tank_Under_Press_t,LW_Sub1_TXF_Tank_Under_Press_t,Transformer Underpresssure (<2kPA) Tripped,LW_Sub1_TXF_Tank_Under_Press_t,NOT LW_Sub1_OOS,Alm_Trip,LW_Sub1_Power,Priv_Alarm,Area_LW_Sub1,Transformer Underpresssure (<2kPA) Tripped,,,LW903 Sub1,,,,,,,,LW1_Cl,,,,,,LW1.Sub1,,
LW_Sub1_TXF_Tank_Over_Press_t,LW_Sub1_TXF_Tank_Over_Press_t,Transformer Overpresssure (>51kPA) Tripped,LW_Sub1_TXF_Tank_Over_Press_t,NOT LW_Sub1_OOS,Alm_Trip,LW_Sub1_Power,Priv_Alarm,Area_LW_Sub1,Transformer Overpresssure (>51kPA) Tripped,,,LW903 Sub1,,,,,,,,LW1_Cl,,,,,,LW1.Sub1,,
LW_Sub1_TXF_CONT_ISOL_t,LW_Sub1_TXF_CONT_ISOL_t,Transformer Control Isolator Tripped,LW_Sub1_TXF_CONT_ISOL_t,NOT LW_Sub1_OOS,Alm_Trip,LW_Sub1_Power,Priv_Alarm,Area_LW_Sub1,Transformer Control Isolator Tripped,,,LW903 Sub1,,,,,,,,LW1_Cl,,,,,,LW1.Sub1,,
LW_Sub1_TXF_ESTP_t,LW_Sub1_TXF_ESTP_t,Transformer Emergency Stop Safety Relay Tripped,LW_Sub1_TXF_ESTP_t,NOT LW_Sub1_OOS,Alm_Trip,LW_Sub1_Power,Priv_Alarm,Area_LW_Sub1,Transformer Emergency Stop Safety Relay Tripped,,,LW903 Sub1,,,,,,,,LW1_Cl,,,,,,LW1.Sub1,,
LW_Sub1_TXF_BU_EL_TST_c_CMD_i,LW_Sub1_TXF_BU_EL_TST_c_CMD_i,Backup Earth Leakage Command,LW_Sub1_TXF_BU_EL_TST_c_CMD_i,NOT LW_Sub1_OOS,Alm_Event,LW_Sub1_Power,Priv_Alarm,Area_LW_Sub1,Backup Earth Leakage Command,,,LW903 Sub1,,,,,,,,LW1_Cl,,,,,,LW1.Sub1,,
LW_Sub1_TXF_Press_CAL_0_kPa_c_CMD_i,LW_Sub1_TXF_Press_CAL_0_kPa_c_CMD_i,Transformer Calibrate the Zero KPA for the Transformer Pressure Sensor,LW_Sub1_TXF_Press_CAL_0_kPa_c_CMD_i,NOT LW_Sub1_OOS,Alm_Event,LW_Sub1_Power,Priv_Alarm,Area_LW_Sub1,Transformer Calibrate the Zero KPA for the Transformer Pressure Sensor,,,LW903 Sub1,,,,,,,,LW1_Cl,,,,,,LW1.Sub1,,
LW_Sub1_TXF_Press_CAL_50_kPa_c_CMD_i,LW_Sub1_TXF_Press_CAL_50_kPa_c_CMD_i,Transformer Calibrate the 50 KPA for the Transformer Pressure Sensor,LW_Sub1_TXF_Press_CAL_50_kPa_c_CMD_i,NOT LW_Sub1_OOS,Alm_Event,LW_Sub1_Power,Priv_Alarm,Area_LW_Sub1,Transformer Calibrate the 50 KPA for the Transformer Pressure Sensor,,,LW903 Sub1,,,,,,,,LW1_Cl,,,,,,LW1.Sub1,,
LW_Sub1_TXF_Press_CAL_100_kPa_c_CMD_i,LW_Sub1_TXF_Press_CAL_100_kPa_c_CMD_i,Transformer Calibrate the 100 KPA for the Transformer Pressure Sensor,LW_Sub1_TXF_Press_CAL_100_kPa_c_CMD_i,NOT LW_Sub1_OOS,Alm_Event,LW_Sub1_Power,Priv_Alarm,Area_LW_Sub1,Transformer Calibrate the 100 KPA for the Transformer Pressure Sensor,,,LW903 Sub1,,,,,,,,LW1_Cl,,,,,,LW1.Sub1,,
LW_Sub1_START_c_CMD_i,LW_Sub1_START_c_CMD_i,Start Substation CMD,LW_Sub1_START_c_CMD_i,NOT LW_Sub1_OOS,Alm_Event,LW_Sub1_Power,Priv_Alarm,Area_LW_Sub1,Start Substation CMD,,,LW903 Sub1,,,,,,,,LW1_Cl,,,,,,LW1.Sub1,,
LW_Sub1_RST_RST_c_CMD_i,LW_Sub1_RST_RST_c_CMD_i,Reset Command,LW_Sub1_RST_RST_c_CMD_i,NOT LW_Sub1_OOS,Alm_Event,LW_Sub1_Power,Priv_Alarm,Area_LW_Sub1,Reset Command,,,LW903 Sub1,,,,,,,,LW1_Cl,,,,,,LW1.Sub1,,
LW_Sub1_RST_RST_Face_C_CMD_i,LW_Sub1_RST_RST_Face_C_CMD_i,Reset Face Command,LW_Sub1_RST_RST_Face_C_CMD_i,NOT LW_Sub1_OOS,Alm_Event,LW_Sub1_Power,Priv_Alarm,Area_LW_Sub1,Reset Face Command,,,LW903 Sub1,,,,,,,,LW1_Cl,,,,,,LW1.Sub1,,
LW_Sub1_CB_Face_CB_CLO_c_CMD_i,LW_Sub1_CB_Face_CB_CLO_c_CMD_i,Face CB SCADA Close,LW_Sub1_CB_Face_CB_CLO_c_CMD_i,NOT LW_Sub1_OOS,Alm_Event,LW_Sub1_Power,Priv_Alarm,Area_LW_Sub1,Face CB SCADA Close,,,LW903 Sub1,,,,,,,,LW1_Cl,,,,,,LW1.Sub1,,
LW_Sub1_CB_Face_CB_OPN_c_CMD_i,LW_Sub1_CB_Face_CB_OPN_c_CMD_i,Face CB SCADA Open,LW_Sub1_CB_Face_CB_OPN_c_CMD_i,NOT LW_Sub1_OOS,Alm_Event,LW_Sub1_Power,Priv_Alarm,Area_LW_Sub1,Face CB SCADA Open,,,LW903 Sub1,,,,,,,,LW1_Cl,,,,,,LW1.Sub1,,
LW_Sub1_CB_Face_CB_Tst_UV_c_CMD_i,LW_Sub1_CB_Face_CB_Tst_UV_c_CMD_i,Face CB UV Trip Test,LW_Sub1_CB_Face_CB_Tst_UV_c_CMD_i,NOT LW_Sub1_OOS,Alm_Event,LW_Sub1_Power,Priv_Alarm,Area_LW_Sub1,Face CB UV Trip Test,,,LW903 Sub1,,,,,,,,LW1_Cl,,,,,,LW1.Sub1,,
LW_Sub1_CB_Face_CB_Tst_ST_c_CMD_i,LW_Sub1_CB_Face_CB_Tst_ST_c_CMD_i,Face CB ST Trip Test,LW_Sub1_CB_Face_CB_Tst_ST_c_CMD_i,NOT LW_Sub1_OOS,Alm_Event,LW_Sub1_Power,Priv_Alarm,Area_LW_Sub1,Face CB ST Trip Test,,,LW903 Sub1,,,,,,,,LW1_Cl,,,,,,LW1.Sub1,,
LW_Sub1_CB_Face_CB_FTO_t,LW_Sub1_CB_Face_CB_FTO_t,Face CB Failed to Open,LW_Sub1_CB_Face_CB_FTO_t,NOT LW_Sub1_OOS,Alm_Trip,LW_Sub1_Power,Priv_Alarm,Area_LW_Sub1,Face CB Failed to Open,,,LW903 Sub1,,,,,,,,LW1_Cl,,,,,,LW1.Sub1,,
LW_Sub1_CB_Face_CB_FTC_t,LW_Sub1_CB_Face_CB_FTC_t,Face CB Failed To Close,LW_Sub1_CB_Face_CB_FTC_t,NOT LW_Sub1_OOS,Alm_Trip,LW_Sub1_Power,Priv_Alarm,Area_LW_Sub1,Face CB Failed To Close,,,LW903 Sub1,,,,,,,,LW1_Cl,,,,,,LW1.Sub1,,
LW_Sub1_CB_Face_CB_UCO_t,LW_Sub1_CB_Face_CB_UCO_t,Face CB Un-commanded open,LW_Sub1_CB_Face_CB_UCO_t,NOT LW_Sub1_OOS,Alm_Trip,LW_Sub1_Power,Priv_Alarm,Area_LW_Sub1,Face CB Un-commanded open,,,LW903 Sub1,,,,,,,,LW1_Cl,,,,,,LW1.Sub1,,
LW_Sub1_CB_Face_ESW_CLO_c_CMD_i,LW_Sub1_CB_Face_ESW_CLO_c_CMD_i,Face ESW SCADA Close,LW_Sub1_CB_Face_ESW_CLO_c_CMD_i,NOT LW_Sub1_OOS,Alm_Event,LW_Sub1_Power,Priv_Alarm,Area_LW_Sub1,Face ESW SCADA Close,,,LW903 Sub1,,,,,,,,LW1_Cl,,,,,,LW1.Sub1,,
LW_Sub1_CB_Face_ESW_OPN_c_CMD_i,LW_Sub1_CB_Face_ESW_OPN_c_CMD_i,Face ESW SCADA Open,LW_Sub1_CB_Face_ESW_OPN_c_CMD_i,NOT LW_Sub1_OOS,Alm_Event,LW_Sub1_Power,Priv_Alarm,Area_LW_Sub1,Face ESW SCADA Open,,,LW903 Sub1,,,,,,,,LW1_Cl,,,,,,LW1.Sub1,,
LW_Sub1_CB_Face_ESW_Tst_UV_c_CMD_i,LW_Sub1_CB_Face_ESW_Tst_UV_c_CMD_i,Face ESW UV Trip Test,LW_Sub1_CB_Face_ESW_Tst_UV_c_CMD_i,NOT LW_Sub1_OOS,Alm_Event,LW_Sub1_Power,Priv_Alarm,Area_LW_Sub1,Face ESW UV Trip Test,,,LW903 Sub1,,,,,,,,LW1_Cl,,,,,,LW1.Sub1,,
LW_Sub1_CB_Face_ESW_Tst_ST_c_CMD_i,LW_Sub1_CB_Face_ESW_Tst_ST_c_CMD_i,Face ESW ST Trip Test,LW_Sub1_CB_Face_ESW_Tst_ST_c_CMD_i,NOT LW_Sub1_OOS,Alm_Event,LW_Sub1_Power,Priv_Alarm,Area_LW_Sub1,Face ESW ST Trip Test,,,LW903 Sub1,,,,,,,,LW1_Cl,,,,,,LW1.Sub1,,
LW_Sub1_CB_Face_ESW_FTO_t,LW_Sub1_CB_Face_ESW_FTO_t,Face ESW Failed to Open,LW_Sub1_CB_Face_ESW_FTO_t,NOT LW_Sub1_OOS,Alm_Trip,LW_Sub1_Power,Priv_Alarm,Area_LW_Sub1,Face ESW Failed to Open,,,LW903 Sub1,,,,,,,,LW1_Cl,,,,,,LW1.Sub1,,
LW_Sub1_CB_Face_ESW_FTC_t,LW_Sub1_CB_Face_ESW_FTC_t,Face ESW Failed To Close,LW_Sub1_CB_Face_ESW_FTC_t,NOT LW_Sub1_OOS,Alm_Trip,LW_Sub1_Power,Priv_Alarm,Area_LW_Sub1,Face ESW Failed To Close,,,LW903 Sub1,,,,,,,,LW1_Cl,,,,,,LW1.Sub1,,
LW_Sub1_CB_Face_ESW_UCO_t,LW_Sub1_CB_Face_ESW_UCO_t,Face ESW Un-commanded open,LW_Sub1_CB_Face_ESW_UCO_t,NOT LW_Sub1_OOS,Alm_Trip,LW_Sub1_Power,Priv_Alarm,Area_LW_Sub1,Face ESW Un-commanded open,,,LW903 Sub1,,,,,,,,LW1_Cl,,,,,,LW1.Sub1,,
LW_Sub1_CB_Face_CB_ESW_MECH_t,LW_Sub1_CB_Face_CB_ESW_MECH_t,Face Circuit Breaker and Earth Switch mechanical fault,LW_Sub1_CB_Face_CB_ESW_MECH_t,NOT LW_Sub1_OOS,Alm_Trip,LW_Sub1_Power,Priv_Alarm,Area_LW_Sub1,Face Circuit Breaker and Earth Switch mechanical fault,,,LW903 Sub1,,,,,,,,LW1_Cl,,,,,,LW1.Sub1,,
LW_Sub1_CB_Face_COM_t,LW_Sub1_CB_Face_COM_t,Face Common trip,LW_Sub1_CB_Face_COM_t,NOT LW_Sub1_OOS,Alm_Trip,LW_Sub1_Power,Priv_Alarm,Area_LW_Sub1,Face Common trip,,,LW903 Sub1,,,,,,,,LW1_Cl,,,,,,LW1.Sub1,,
LW_Sub1_CB_Face_DUP_t,LW_Sub1_CB_Face_DUP_t,Face Duplicate Drive Trip,LW_Sub1_CB_Face_DUP_t,NOT LW_Sub1_OOS,Alm_Trip,LW_Sub1_Power,Priv_Alarm,Area_LW_Sub1,Face Duplicate Drive Trip,,,LW903 Sub1,,,,,,,,LW1_Cl,,,,,,LW1.Sub1,,
LW_Sub1_CB_Face_GAS_SF6_t,LW_Sub1_CB_Face_GAS_SF6_t,Face SF6 Gas Trip,LW_Sub1_CB_Face_GAS_SF6_t,NOT LW_Sub1_OOS,Alm_Trip,LW_Sub1_Power,Priv_Alarm,Area_LW_Sub1,Face SF6 Gas Trip,,,LW903 Sub1,,,,,,,,LW1_Cl,,,,,,LW1.Sub1,,
LW_Sub1_CB_Face_FTO_UV_t,LW_Sub1_CB_Face_FTO_UV_t,Face Undervoltage Fail to Open Trip,LW_Sub1_CB_Face_FTO_UV_t,NOT LW_Sub1_OOS,Alm_Trip,LW_Sub1_Power,Priv_Alarm,Area_LW_Sub1,Face Undervoltage Fail to Open Trip,,,LW903 Sub1,,,,,,,,LW1_Cl,,,,,,LW1.Sub1,,
LW_Sub1_CB_Face_FTO_ST_t,LW_Sub1_CB_Face_FTO_ST_t,Face Shunt Trip Fail to Open Trip,LW_Sub1_CB_Face_FTO_ST_t,NOT LW_Sub1_OOS,Alm_Trip,LW_Sub1_Power,Priv_Alarm,Area_LW_Sub1,Face Shunt Trip Fail to Open Trip,,,LW903 Sub1,,,,,,,,LW1_Cl,,,,,,LW1.Sub1,,
LW_Sub1_CB_Face_FTC_t,LW_Sub1_CB_Face_FTC_t,Face Fail To Close Trip,LW_Sub1_CB_Face_FTC_t,NOT LW_Sub1_OOS,Alm_Trip,LW_Sub1_Power,Priv_Alarm,Area_LW_Sub1,Face Fail To Close Trip,,,LW903 Sub1,,,,,,,,LW1_Cl,,,,,,LW1.Sub1,,
LW_Sub1_CB_Face_CONT_ISOL_t,LW_Sub1_CB_Face_CONT_ISOL_t,Face Control Isolator Tripped,LW_Sub1_CB_Face_CONT_ISOL_t,NOT LW_Sub1_OOS,Alm_Trip,LW_Sub1_Power,Priv_Alarm,Area_LW_Sub1,Face Control Isolator Tripped,,,LW903 Sub1,,,,,,,,LW1_Cl,,,,,,LW1.Sub1,,
LW_Sub1_CB_Pmp_CB_CLO_c_CMD_i,LW_Sub1_CB_Pmp_CB_CLO_c_CMD_i,Pump CB SCADA Close,LW_Sub1_CB_Pmp_CB_CLO_c_CMD_i,NOT LW_Sub1_OOS,Alm_Event,LW_Sub1_Power,Priv_Alarm,Area_LW_Sub1,Pump CB SCADA Close,,,LW903 Sub1,,,,,,,,LW1_Cl,,,,,,LW1.Sub1,,
LW_Sub1_CB_Pmp_CB_OPN_c_CMD_i,LW_Sub1_CB_Pmp_CB_OPN_c_CMD_i,Pump CB SCADA Open,LW_Sub1_CB_Pmp_CB_OPN_c_CMD_i,NOT LW_Sub1_OOS,Alm_Event,LW_Sub1_Power,Priv_Alarm,Area_LW_Sub1,Pump CB SCADA Open,,,LW903 Sub1,,,,,,,,LW1_Cl,,,,,,LW1.Sub1,,
LW_Sub1_CB_Pmp_CB_Tst_UV_c_CMD_i,LW_Sub1_CB_Pmp_CB_Tst_UV_c_CMD_i,Pump CB UV Trip Test,LW_Sub1_CB_Pmp_CB_Tst_UV_c_CMD_i,NOT LW_Sub1_OOS,Alm_Event,LW_Sub1_Power,Priv_Alarm,Area_LW_Sub1,Pump CB UV Trip Test,,,LW903 Sub1,,,,,,,,LW1_Cl,,,,,,LW1.Sub1,,
LW_Sub1_CB_Pmp_CB_Tst_ST_c_CMD_i,LW_Sub1_CB_Pmp_CB_Tst_ST_c_CMD_i,Pump CB ST Trip Test,LW_Sub1_CB_Pmp_CB_Tst_ST_c_CMD_i,NOT LW_Sub1_OOS,Alm_Event,LW_Sub1_Power,Priv_Alarm,Area_LW_Sub1,Pump CB ST Trip Test,,,LW903 Sub1,,,,,,,,LW1_Cl,,,,,,LW1.Sub1,,
LW_Sub1_CB_Pmp_CB_FTO_t,LW_Sub1_CB_Pmp_CB_FTO_t,Pump CB Failed to Open,LW_Sub1_CB_Pmp_CB_FTO_t,NOT LW_Sub1_OOS,Alm_Trip,LW_Sub1_Power,Priv_Alarm,Area_LW_Sub1,Pump CB Failed to Open,,,LW903 Sub1,,,,,,,,LW1_Cl,,,,,,LW1.Sub1,,
LW_Sub1_CB_Pmp_CB_FTC_t,LW_Sub1_CB_Pmp_CB_FTC_t,Pump CB Failed To Close,LW_Sub1_CB_Pmp_CB_FTC_t,NOT LW_Sub1_OOS,Alm_Trip,LW_Sub1_Power,Priv_Alarm,Area_LW_Sub1,Pump CB Failed To Close,,,LW903 Sub1,,,,,,,,LW1_Cl,,,,,,LW1.Sub1,,
LW_Sub1_CB_Pmp_CB_UCO_t,LW_Sub1_CB_Pmp_CB_UCO_t,Pump CB Un-commanded open,LW_Sub1_CB_Pmp_CB_UCO_t,NOT LW_Sub1_OOS,Alm_Trip,LW_Sub1_Power,Priv_Alarm,Area_LW_Sub1,Pump CB Un-commanded open,,,LW903 Sub1,,,,,,,,LW1_Cl,,,,,,LW1.Sub1,,
LW_Sub1_CB_Pmp_ESW_CLO_c_CMD_i,LW_Sub1_CB_Pmp_ESW_CLO_c_CMD_i,Pump ESW SCADA Close,LW_Sub1_CB_Pmp_ESW_CLO_c_CMD_i,NOT LW_Sub1_OOS,Alm_Event,LW_Sub1_Power,Priv_Alarm,Area_LW_Sub1,Pump ESW SCADA Close,,,LW903 Sub1,,,,,,,,LW1_Cl,,,,,,LW1.Sub1,,
LW_Sub1_CB_Pmp_ESW_OPN_c_CMD_i,LW_Sub1_CB_Pmp_ESW_OPN_c_CMD_i,Pump ESW SCADA Open,LW_Sub1_CB_Pmp_ESW_OPN_c_CMD_i,NOT LW_Sub1_OOS,Alm_Event,LW_Sub1_Power,Priv_Alarm,Area_LW_Sub1,Pump ESW SCADA Open,,,LW903 Sub1,,,,,,,,LW1_Cl,,,,,,LW1.Sub1,,
LW_Sub1_CB_Pmp_ESW_Tst_UV_c_CMD_i,LW_Sub1_CB_Pmp_ESW_Tst_UV_c_CMD_i,Pump ESW UV Trip Test,LW_Sub1_CB_Pmp_ESW_Tst_UV_c_CMD_i,NOT LW_Sub1_OOS,Alm_Event,LW_Sub1_Power,Priv_Alarm,Area_LW_Sub1,Pump ESW UV Trip Test,,,LW903 Sub1,,,,,,,,LW1_Cl,,,,,,LW1.Sub1,,
LW_Sub1_CB_Pmp_ESW_Tst_ST_c_CMD_i,LW_Sub1_CB_Pmp_ESW_Tst_ST_c_CMD_i,Pump ESW ST Trip Test,LW_Sub1_CB_Pmp_ESW_Tst_ST_c_CMD_i,NOT LW_Sub1_OOS,Alm_Event,LW_Sub1_Power,Priv_Alarm,Area_LW_Sub1,Pump ESW ST Trip Test,,,LW903 Sub1,,,,,,,,LW1_Cl,,,,,,LW1.Sub1,,
LW_Sub1_CB_Pmp_ESW_FTO_t,LW_Sub1_CB_Pmp_ESW_FTO_t,Pump ESW Failed to Open,LW_Sub1_CB_Pmp_ESW_FTO_t,NOT LW_Sub1_OOS,Alm_Trip,LW_Sub1_Power,Priv_Alarm,Area_LW_Sub1,Pump ESW Failed to Open,,,LW903 Sub1,,,,,,,,LW1_Cl,,,,,,LW1.Sub1,,
LW_Sub1_CB_Pmp_ESW_FTC_t,LW_Sub1_CB_Pmp_ESW_FTC_t,Pump ESW Failed To Close,LW_Sub1_CB_Pmp_ESW_FTC_t,NOT LW_Sub1_OOS,Alm_Trip,LW_Sub1_Power,Priv_Alarm,Area_LW_Sub1,Pump ESW Failed To Close,,,LW903 Sub1,,,,,,,,LW1_Cl,,,,,,LW1.Sub1,,
LW_Sub1_CB_Pmp_ESW_UCO_t,LW_Sub1_CB_Pmp_ESW_UCO_t,Pump ESW Un-commanded open,LW_Sub1_CB_Pmp_ESW_UCO_t,NOT LW_Sub1_OOS,Alm_Trip,LW_Sub1_Power,Priv_Alarm,Area_LW_Sub1,Pump ESW Un-commanded open,,,LW903 Sub1,,,,,,,,LW1_Cl,,,,,,LW1.Sub1,,
LW_Sub1_CB_Pmp_CB_ESW_MECH_t,LW_Sub1_CB_Pmp_CB_ESW_MECH_t,Pump Circuit Breaker and Earth Switch mechanical fault,LW_Sub1_CB_Pmp_CB_ESW_MECH_t,NOT LW_Sub1_OOS,Alm_Trip,LW_Sub1_Power,Priv_Alarm,Area_LW_Sub1,Pump Circuit Breaker and Earth Switch mechanical fault,,,LW903 Sub1,,,,,,,,LW1_Cl,,,,,,LW1.Sub1,,
LW_Sub1_CB_Pmp_COM_t,LW_Sub1_CB_Pmp_COM_t,Pump Common trip,LW_Sub1_CB_Pmp_COM_t,NOT LW_Sub1_OOS,Alm_Trip,LW_Sub1_Power,Priv_Alarm,Area_LW_Sub1,Pump Common trip,,,LW903 Sub1,,,,,,,,LW1_Cl,,,,,,LW1.Sub1,,
LW_Sub1_CB_Pmp_DUP_t,LW_Sub1_CB_Pmp_DUP_t,Pump Duplicate Drive Trip,LW_Sub1_CB_Pmp_DUP_t,NOT LW_Sub1_OOS,Alm_Trip,LW_Sub1_Power,Priv_Alarm,Area_LW_Sub1,Pump Duplicate Drive Trip,,,LW903 Sub1,,,,,,,,LW1_Cl,,,,,,LW1.Sub1,,
LW_Sub1_CB_Pmp_GAS_SF6_t,LW_Sub1_CB_Pmp_GAS_SF6_t,Pump SF6 Gas Trip,LW_Sub1_CB_Pmp_GAS_SF6_t,NOT LW_Sub1_OOS,Alm_Trip,LW_Sub1_Power,Priv_Alarm,Area_LW_Sub1,Pump SF6 Gas Trip,,,LW903 Sub1,,,,,,,,LW1_Cl,,,,,,LW1.Sub1,,
LW_Sub1_CB_Pmp_FTO_UV_t,LW_Sub1_CB_Pmp_FTO_UV_t,Pump Undervoltage Fail to Open Trip,LW_Sub1_CB_Pmp_FTO_UV_t,NOT LW_Sub1_OOS,Alm_Trip,LW_Sub1_Power,Priv_Alarm,Area_LW_Sub1,Pump Undervoltage Fail to Open Trip,,,LW903 Sub1,,,,,,,,LW1_Cl,,,,,,LW1.Sub1,,
LW_Sub1_CB_Pmp_FTO_ST_t,LW_Sub1_CB_Pmp_FTO_ST_t,Pump Shunt Trip Fail to Open Trip,LW_Sub1_CB_Pmp_FTO_ST_t,NOT LW_Sub1_OOS,Alm_Trip,LW_Sub1_Power,Priv_Alarm,Area_LW_Sub1,Pump Shunt Trip Fail to Open Trip,,,LW903 Sub1,,,,,,,,LW1_Cl,,,,,,LW1.Sub1,,
LW_Sub1_CB_Pmp_FTC_t,LW_Sub1_CB_Pmp_FTC_t,Pump Fail To Close Trip,LW_Sub1_CB_Pmp_FTC_t,NOT LW_Sub1_OOS,Alm_Trip,LW_Sub1_Power,Priv_Alarm,Area_LW_Sub1,Pump Fail To Close Trip,,,LW903 Sub1,,,,,,,,LW1_Cl,,,,,,LW1.Sub1,,
LW_Sub1_CB_Pmp_CONT_ISOL_t,LW_Sub1_CB_Pmp_CONT_ISOL_t,Pump Control Isolator Tripped,LW_Sub1_CB_Pmp_CONT_ISOL_t,NOT LW_Sub1_OOS,Alm_Trip,LW_Sub1_Power,Priv_Alarm,Area_LW_Sub1,Pump Control Isolator Tripped,,,LW903 Sub1,,,,,,,,LW1_Cl,,,,,,LW1.Sub1,,
LW_Sub1_FDR_DCB_FACE_I_DIFF_w,LW_Sub1_FDR_DCB_FACE_I_DIFF_w,Face Feeders Current Difference Warning,LW_Sub1_FDR_DCB_FACE_I_DIFF_w,NOT LW_Sub1_OOS,Alm_Warning,LW_Sub1_Power,Priv_Alarm,Area_LW_Sub1,Face Feeders Current Difference Warning,,,LW903 Sub1,,,,,,,,LW1_Cl,,,,,,LW1.Sub1,,
LW_Sub1_FDR_DCB_FACE_I_DIFF_t,LW_Sub1_FDR_DCB_FACE_I_DIFF_t,Face Feeders Current Difference Trip,LW_Sub1_FDR_DCB_FACE_I_DIFF_t,NOT LW_Sub1_OOS,Alm_Trip,LW_Sub1_Power,Priv_Alarm,Area_LW_Sub1,Face Feeders Current Difference Trip,,,LW903 Sub1,,,,,,,,LW1_Cl,,,,,,LW1.Sub1,,
LW_Sub1_FDR_Face_CLO_c_CMD_i,LW_Sub1_FDR_Face_CLO_c_CMD_i,Face Feeder Close,LW_Sub1_FDR_Face_CLO_c_CMD_i,NOT LW_Sub1_OOS,Alm_Event,LW_Sub1_Power,Priv_Alarm,Area_LW_Sub1,Face Feeder Close,,,LW903 Sub1,,,,,,,,LW1_Cl,,,,,,LW1.Sub1,,
LW_Sub1_FDR_Face_OPN_c_CMD_i,LW_Sub1_FDR_Face_OPN_c_CMD_i,Face Feeder Open,LW_Sub1_FDR_Face_OPN_c_CMD_i,NOT LW_Sub1_OOS,Alm_Event,LW_Sub1_Power,Priv_Alarm,Area_LW_Sub1,Face Feeder Open,,,LW903 Sub1,,,,,,,,LW1_Cl,,,,,,LW1.Sub1,,
LW_Sub1_FDR_Pmp_CLO_c_CMD_i,LW_Sub1_FDR_Pmp_CLO_c_CMD_i,Pump Feeder Close,LW_Sub1_FDR_Pmp_CLO_c_CMD_i,NOT LW_Sub1_OOS,Alm_Event,LW_Sub1_Power,Priv_Alarm,Area_LW_Sub1,Pump Feeder Close,,,LW903 Sub1,,,,,,,,LW1_Cl,,,,,,LW1.Sub1,,
LW_Sub1_FDR_Pmp_OPN_c_CMD_i,LW_Sub1_FDR_Pmp_OPN_c_CMD_i,Pump Feeder Open,LW_Sub1_FDR_Pmp_OPN_c_CMD_i,NOT LW_Sub1_OOS,Alm_Event,LW_Sub1_Power,Priv_Alarm,Area_LW_Sub1,Pump Feeder Open,,,LW903 Sub1,,,,,,,,LW1_Cl,,,,,,LW1.Sub1,,
LW_Sub1_FDR_DCB_Pmp_ALMS_INV_OTL_t,LW_Sub1_FDR_DCB_Pmp_ALMS_INV_OTL_t,Pump Drive or Feeder in Invalid Outlet,LW_Sub1_FDR_DCB_Pmp_ALMS_INV_OTL_t,NOT LW_Sub1_OOS,Alm_Trip,LW_Sub1_Power,Priv_Alarm,Area_LW_Sub1,Pump Drive or Feeder in Invalid Outlet,,,LW903 Sub1,,,,,,,,LW1_Cl,,,,,,LW1.Sub1,,
LW_Sub1_FDR_DCB_Pmp_CTRLS_CAS_INHIBIT_s,LW_Sub1_FDR_DCB_Pmp_CTRLS_CAS_INHIBIT_s,Pump Outlet Inhibited to Start,LW_Sub1_FDR_DCB_Pmp_CTRLS_CAS_INHIBIT_s,NOT LW_Sub1_OOS,Alm_Trip,LW_Sub1_Power,Priv_Alarm,Area_LW_Sub1,Pump Outlet Inhibited to Start,,,LW903 Sub1,,,,,,,,LW1_Cl,,,,,,LW1.Sub1,,
LW_Sub1_FDR_DCB_Face1_ALMS_INV_OTL_t,LW_Sub1_FDR_DCB_Face1_ALMS_INV_OTL_t,Face Feeder 1 Drive or Feeder in Invalid Outlet,LW_Sub1_FDR_DCB_Face1_ALMS_INV_OTL_t,NOT LW_Sub1_OOS,Alm_Trip,LW_Sub1_Power,Priv_Alarm,Area_LW_Sub1,Face Feeder 1 Drive or Feeder in Invalid Outlet,,,LW903 Sub1,,,,,,,,LW1_Cl,,,,,,LW1.Sub1,,
LW_Sub1_FDR_DCB_Face2_ALMS_INV_OTL_t,LW_Sub1_FDR_DCB_Face2_ALMS_INV_OTL_t,Face Feeder 2 Drive or Feeder in Invalid Outlet,LW_Sub1_FDR_DCB_Face2_ALMS_INV_OTL_t,NOT LW_Sub1_OOS,Alm_Trip,LW_Sub1_Power,Priv_Alarm,Area_LW_Sub1,Face Feeder 2 Drive or Feeder in Invalid Outlet,,,LW903 Sub1,,,,,,,,LW1_Cl,,,,,,LW1.Sub1,,
LW_Sub1_FDR_DCB_Face3_ALMS_INV_OTL_t,LW_Sub1_FDR_DCB_Face3_ALMS_INV_OTL_t,Face Feeder 3 Drive or Feeder in Invalid Outlet,LW_Sub1_FDR_DCB_Face3_ALMS_INV_OTL_t,NOT LW_Sub1_OOS,Alm_Trip,LW_Sub1_Power,Priv_Alarm,Area_LW_Sub1,Face Feeder 3 Drive or Feeder in Invalid Outlet,,,LW903 Sub1,,,,,,,,LW1_Cl,,,,,,LW1.Sub1,,
LW_Sub1_Comms_Face_DCB_01_RST_c,LW_Sub1_Comms_Face_DCB_01_RST_c,DCB 1 Comms Counters Reset,LW_Sub1_Comms_Face_DCB_01_RST_c,NOT LW_Sub1_OOS,Alm_Event,LW_Sub1_Power,Priv_Alarm,Area_LW_Sub1,DCB 1 Comms Counters Reset,,,LW903 Sub1,,,,,,,,LW1_Cl,,,,,,LW1.Sub1,,
LW_Sub1_Comms_Face_DCB_02_RST_c,LW_Sub1_Comms_Face_DCB_02_RST_c,DCB 2 Comms Counters Reset,LW_Sub1_Comms_Face_DCB_02_RST_c,NOT LW_Sub1_OOS,Alm_Event,LW_Sub1_Power,Priv_Alarm,Area_LW_Sub1,DCB 2 Comms Counters Reset,,,LW903 Sub1,,,,,,,,LW1_Cl,,,,,,LW1.Sub1,,
LW_Sub1_Comms_Pump_DCB_01_RST_c,LW_Sub1_Comms_Pump_DCB_01_RST_c,Pump 1 Comms Counters Reset,LW_Sub1_Comms_Pump_DCB_01_RST_c,NOT LW_Sub1_OOS,Alm_Event,LW_Sub1_Power,Priv_Alarm,Area_LW_Sub1,Pump 1 Comms Counters Reset,,,LW903 Sub1,,,,,,,,LW1_Cl,,,,,,LW1.Sub1,,
LW_Sub1_Comms_Pump_DCB_02_RST_c,LW_Sub1_Comms_Pump_DCB_02_RST_c,Pump 2 Comms Counters Reset,LW_Sub1_Comms_Pump_DCB_02_RST_c,NOT LW_Sub1_OOS,Alm_Event,LW_Sub1_Power,Priv_Alarm,Area_LW_Sub1,Pump 2 Comms Counters Reset,,,LW903 Sub1,,,,,,,,LW1_Cl,,,,,,LW1.Sub1,,
LW_Sub1_PLC_S01_Mod_t,LW_Sub1_PLC_S01_Mod_t,S01 PLC Module Fault,LW_Sub1_PLC_S01_Mod_t,NOT LW_Sub1_OOS,Alm_Trip,LW_Sub1_Power,Priv_Alarm,Area_LW_Sub1,S01 PLC Module Fault,,,LW903 Sub1,,,,,,,,LW1_Cl,,,,,,LW1.Sub1,,
LW_Sub1_PLC_S02_Mod_t,LW_Sub1_PLC_S02_Mod_t,S02 PLC Module Fault,LW_Sub1_PLC_S02_Mod_t,NOT LW_Sub1_OOS,Alm_Trip,LW_Sub1_Power,Priv_Alarm,Area_LW_Sub1,S02 PLC Module Fault,,,LW903 Sub1,,,,,,,,LW1_Cl,,,,,,LW1.Sub1,,
LW_Sub1_PLC_S04_Mod_t,LW_Sub1_PLC_S04_Mod_t,S04 PLC Module Fault,LW_Sub1_PLC_S04_Mod_t,NOT LW_Sub1_OOS,Alm_Trip,LW_Sub1_Power,Priv_Alarm,Area_LW_Sub1,S04 PLC Module Fault,,,LW903 Sub1,,,,,,,,LW1_Cl,,,,,,LW1.Sub1,,
LW_Sub1_PLC_S05_Mod_t,LW_Sub1_PLC_S05_Mod_t,S05 PLC Module Fault,LW_Sub1_PLC_S05_Mod_t,NOT LW_Sub1_OOS,Alm_Trip,LW_Sub1_Power,Priv_Alarm,Area_LW_Sub1,S05 PLC Module Fault,,,LW903 Sub1,,,,,,,,LW1_Cl,,,,,,LW1.Sub1,,
LW_Sub1_PLC_S06_Mod_t,LW_Sub1_PLC_S06_Mod_t,S06 PLC Module Fault,LW_Sub1_PLC_S06_Mod_t,NOT LW_Sub1_OOS,Alm_Trip,LW_Sub1_Power,Priv_Alarm,Area_LW_Sub1,S06 PLC Module Fault,,,LW903 Sub1,,,,,,,,LW1_Cl,,,,,,LW1.Sub1,,
LW_Sub1_PLC_S08_Mod_t,LW_Sub1_PLC_S08_Mod_t,S08 PLC Module Fault,LW_Sub1_PLC_S08_Mod_t,NOT LW_Sub1_OOS,Alm_Trip,LW_Sub1_Power,Priv_Alarm,Area_LW_Sub1,S08 PLC Module Fault,,,LW903 Sub1,,,,,,,,LW1_Cl,,,,,,LW1.Sub1,,
LW_Sub1_PLC_S09_Mod_t,LW_Sub1_PLC_S09_Mod_t,S09 PLC Module Fault,LW_Sub1_PLC_S09_Mod_t,NOT LW_Sub1_OOS,Alm_Trip,LW_Sub1_Power,Priv_Alarm,Area_LW_Sub1,S09 PLC Module Fault,,,LW903 Sub1,,,,,,,,LW1_Cl,,,,,,LW1.Sub1,,
LW_Sub1_PLC_S11_Mod_t,LW_Sub1_PLC_S11_Mod_t,S11 PLC Module Fault,LW_Sub1_PLC_S11_Mod_t,NOT LW_Sub1_OOS,Alm_Trip,LW_Sub1_Power,Priv_Alarm,Area_LW_Sub1,S11 PLC Module Fault,,,LW903 Sub1,,,,,,,,LW1_Cl,,,,,,LW1.Sub1,,
LW_Sub1_PLC_S12_Mod_t,LW_Sub1_PLC_S12_Mod_t,S12 PLC Module Fault,LW_Sub1_PLC_S12_Mod_t,NOT LW_Sub1_OOS,Alm_Trip,LW_Sub1_Power,Priv_Alarm,Area_LW_Sub1,S12 PLC Module Fault,,,LW903 Sub1,,,,,,,,LW1_Cl,,,,,,LW1.Sub1,,
LW_Sub1_BUEL_240V_TST_c_CMD_i,LW_Sub1_BUEL_240V_TST_c_CMD_i,240V  Earth Leakage Command,LW_Sub1_BUEL_240V_TST_c_CMD_i,NOT LW_Sub1_OOS,Alm_Event,LW_Sub1_Power,Priv_Alarm,Area_LW_Sub1,240V  Earth Leakage Command,,,LW903 Sub1,,,,,,,,LW1_Cl,,,,,,LW1.Sub1,,
LW_Sub1_CB_Face_MG_CH4_t,LW_Sub1_CB_Face_MG_CH4_t,Face MG CH4 trip,LW_Sub1_CB_Face_MG_CH4_t,NOT LW_Sub1_OOS,Alm_Gas_Trip,LW_Sub1_Power,Priv_Alarm,Area_Gas,Face MG CH4 trip,,,LW903 Sub1,,,,,,,,LW1_Cl,,,,,,Gas.LW1,,
LW_Sub1_CB_Pmp_MG_CH4_t,LW_Sub1_CB_Pmp_MG_CH4_t,Pump MG CH4 trip,LW_Sub1_CB_Pmp_MG_CH4_t,NOT LW_Sub1_OOS,Alm_Gas_Trip,LW_Sub1_Power,Priv_Alarm,Area_Gas,Pump MG CH4 trip,,,LW903 Sub1,,,,,,,,LW1_Cl,,,,,,Gas.LW1,,
LW_Sub1_TXF_Tank_Temp_ChFlt_T,LW_Sub1_TXF_Tank_Temp_ChFlt_T,Txf Tank Temperature - Channel Fault,LW_Sub1_TXF_Tank_Temp_ChFlt_T,NOT LW_Sub1_OOS,Alm_Trip,LW_Sub1_Power,Priv_Alarm,Area_LW_Sub1,Txf Tank Temperature - Channel Fault,,,LW903 Sub1,,,,,,,,LW1_Cl,,,,,,LW1.Sub1,,
LW_Sub1_TXF_Tank_Temp_HH_T,LW_Sub1_TXF_Tank_Temp_HH_T,Txf Tank Temperature - High High Level Alarm,LW_Sub1_TXF_Tank_Temp_HH_T,NOT LW_Sub1_OOS,Alm_Trip,LW_Sub1_Power,Priv_Alarm,Area_LW_Sub1,Txf Tank Temperature - High High Level Alarm,,,LW903 Sub1,,,,,,,,LW1_Cl,,,,,,LW1.Sub1,,
LW_Sub1_TXF_Tank_Temp_H_W,LW_Sub1_TXF_Tank_Temp_H_W,Txf Tank Temperature - High Level Alarm,LW_Sub1_TXF_Tank_Temp_H_W,NOT LW_Sub1_OOS,Alm_Warning,LW_Sub1_Power,Priv_Alarm,Area_LW_Sub1,Txf Tank Temperature - High Level Alarm,,,LW903 Sub1,,,,,,,,LW1_Cl,,,,,,LW1.Sub1,,
LW_Sub1_TXF_Tank_Temp_L_W,LW_Sub1_TXF_Tank_Temp_L_W,Txf Tank Temperature - Low Level Alarm,LW_Sub1_TXF_Tank_Temp_L_W,NOT LW_Sub1_OOS,Alm_Warning,LW_Sub1_Power,Priv_Alarm,Area_LW_Sub1,Txf Tank Temperature - Low Level Alarm,,,LW903 Sub1,,,,,,,,LW1_Cl,,,,,,LW1.Sub1,,
LW_Sub1_TXF_Tank_Temp_LL_T,LW_Sub1_TXF_Tank_Temp_LL_T,Txf Tank Temperature - Low Low Level Alarm,LW_Sub1_TXF_Tank_Temp_LL_T,NOT LW_Sub1_OOS,Alm_Trip,LW_Sub1_Power,Priv_Alarm,Area_LW_Sub1,Txf Tank Temperature - Low Low Level Alarm,,,LW903 Sub1,,,,,,,,LW1_Cl,,,,,,LW1.Sub1,,
LW_Sub1_TXF_Wind_Temp_ChFlt_T,LW_Sub1_TXF_Wind_Temp_ChFlt_T,Txf Winding Temperature - Channel Fault,LW_Sub1_TXF_Wind_Temp_ChFlt_T,NOT LW_Sub1_OOS,Alm_Trip,LW_Sub1_Power,Priv_Alarm,Area_LW_Sub1,Txf Winding Temperature - Channel Fault,,,LW903 Sub1,,,,,,,,LW1_Cl,,,,,,LW1.Sub1,,
LW_Sub1_TXF_Wind_Temp_HH_T,LW_Sub1_TXF_Wind_Temp_HH_T,Txf Winding Temperature - High High Level Alarm,LW_Sub1_TXF_Wind_Temp_HH_T,NOT LW_Sub1_OOS,Alm_Trip,LW_Sub1_Power,Priv_Alarm,Area_LW_Sub1,Txf Winding Temperature - High High Level Alarm,,,LW903 Sub1,,,,,,,,LW1_Cl,,,,,,LW1.Sub1,,
LW_Sub1_TXF_Wind_Temp_H_W,LW_Sub1_TXF_Wind_Temp_H_W,Txf Winding Temperature - High Level Alarm,LW_Sub1_TXF_Wind_Temp_H_W,NOT LW_Sub1_OOS,Alm_Warning,LW_Sub1_Power,Priv_Alarm,Area_LW_Sub1,Txf Winding Temperature - High Level Alarm,,,LW903 Sub1,,,,,,,,LW1_Cl,,,,,,LW1.Sub1,,
LW_Sub1_TXF_Wind_Temp_L_W,LW_Sub1_TXF_Wind_Temp_L_W,Txf Winding Temperature - Low Level Alarm,LW_Sub1_TXF_Wind_Temp_L_W,NOT LW_Sub1_OOS,Alm_Warning,LW_Sub1_Power,Priv_Alarm,Area_LW_Sub1,Txf Winding Temperature - Low Level Alarm,,,LW903 Sub1,,,,,,,,LW1_Cl,,,,,,LW1.Sub1,,
LW_Sub1_TXF_Wind_Temp_LL_T,LW_Sub1_TXF_Wind_Temp_LL_T,Txf Winding Temperature - Low Low Level Alarm,LW_Sub1_TXF_Wind_Temp_LL_T,NOT LW_Sub1_OOS,Alm_Trip,LW_Sub1_Power,Priv_Alarm,Area_LW_Sub1,Txf Winding Temperature - Low Low Level Alarm,,,LW903 Sub1,,,,,,,,LW1_Cl,,,,,,LW1.Sub1,,
LW_Sub1_TXF_Tank_Pressure_ChFlt_T,LW_Sub1_TXF_Tank_Pressure_ChFlt_T,Txf Tank Pressure - Channel Fault,LW_Sub1_TXF_Tank_Pressure_ChFlt_T,NOT LW_Sub1_OOS,Alm_Trip,LW_Sub1_Power,Priv_Alarm,Area_LW_Sub1,Txf Tank Pressure - Channel Fault,,,LW903 Sub1,,,,,,,,LW1_Cl,,,,,,LW1.Sub1,,
LW_Sub1_TXF_Tank_Pressure_HH_T,LW_Sub1_TXF_Tank_Pressure_HH_T,Txf Tank Pressure - High High Level Alarm,LW_Sub1_TXF_Tank_Pressure_HH_T,NOT LW_Sub1_OOS,Alm_Trip,LW_Sub1_Power,Priv_Alarm,Area_LW_Sub1,Txf Tank Pressure - High High Level Alarm,,,LW903 Sub1,,,,,,,,LW1_Cl,,,,,,LW1.Sub1,,
LW_Sub1_TXF_Tank_Pressure_H_W,LW_Sub1_TXF_Tank_Pressure_H_W,Txf Tank Pressure - High Level Alarm,LW_Sub1_TXF_Tank_Pressure_H_W,NOT LW_Sub1_OOS,Alm_Warning,LW_Sub1_Power,Priv_Alarm,Area_LW_Sub1,Txf Tank Pressure - High Level Alarm,,,LW903 Sub1,,,,,,,,LW1_Cl,,,,,,LW1.Sub1,,
LW_Sub1_TXF_Tank_Pressure_L_W,LW_Sub1_TXF_Tank_Pressure_L_W,Txf Tank Pressure - Low Level Alarm,LW_Sub1_TXF_Tank_Pressure_L_W,NOT LW_Sub1_OOS,Alm_Warning,LW_Sub1_Power,Priv_Alarm,Area_LW_Sub1,Txf Tank Pressure - Low Level Alarm,,,LW903 Sub1,,,,,,,,LW1_Cl,,,,,,LW1.Sub1,,
LW_Sub1_TXF_Tank_Pressure_LL_T,LW_Sub1_TXF_Tank_Pressure_LL_T,Txf Tank Pressure - Low Low Level Alarm,LW_Sub1_TXF_Tank_Pressure_LL_T,NOT LW_Sub1_OOS,Alm_Trip,LW_Sub1_Power,Priv_Alarm,Area_LW_Sub1,Txf Tank Pressure - Low Low Level Alarm,,,LW903 Sub1,,,,,,,,LW1_Cl,,,,,,LW1.Sub1,,
LW_Sub1_TXF_BU_EL_ChFlt_T,LW_Sub1_TXF_BU_EL_ChFlt_T,Txf Backup Earth Leakage - Channel Fault,LW_Sub1_TXF_BU_EL_ChFlt_T,NOT LW_Sub1_OOS,Alm_Trip,LW_Sub1_Power,Priv_Alarm,Area_LW_Sub1,Txf Backup Earth Leakage - Channel Fault,,,LW903 Sub1,,,,,,,,LW1_Cl,,,,,,LW1.Sub1,,
LW_Sub1_TXF_BU_EL_HH_T,LW_Sub1_TXF_BU_EL_HH_T,Txf Backup Earth Leakage - High High Level Alarm,LW_Sub1_TXF_BU_EL_HH_T,NOT LW_Sub1_OOS,Alm_Trip,LW_Sub1_Power,Priv_Alarm,Area_LW_Sub1,Txf Backup Earth Leakage - High High Level Alarm,,,LW903 Sub1,,,,,,,,LW1_Cl,,,,,,LW1.Sub1,,
LW_Sub1_TXF_BU_EL_H_W,LW_Sub1_TXF_BU_EL_H_W,Txf Backup Earth Leakage - High Level Alarm,LW_Sub1_TXF_BU_EL_H_W,NOT LW_Sub1_OOS,Alm_Warning,LW_Sub1_Power,Priv_Alarm,Area_LW_Sub1,Txf Backup Earth Leakage - High Level Alarm,,,LW903 Sub1,,,,,,,,LW1_Cl,,,,,,LW1.Sub1,,
LW_Sub1_TXF_BU_EL_L_W,LW_Sub1_TXF_BU_EL_L_W,Txf Backup Earth Leakage - Low Level Alarm,LW_Sub1_TXF_BU_EL_L_W,NOT LW_Sub1_OOS,Alm_Warning,LW_Sub1_Power,Priv_Alarm,Area_LW_Sub1,Txf Backup Earth Leakage - Low Level Alarm,,,LW903 Sub1,,,,,,,,LW1_Cl,,,,,,LW1.Sub1,,
LW_Sub1_TXF_BU_EL_LL_T,LW_Sub1_TXF_BU_EL_LL_T,Txf Backup Earth Leakage - Low Low Level Alarm,LW_Sub1_TXF_BU_EL_LL_T,NOT LW_Sub1_OOS,Alm_Trip,LW_Sub1_Power,Priv_Alarm,Area_LW_Sub1,Txf Backup Earth Leakage - Low Low Level Alarm,,,LW903 Sub1,,,,,,,,LW1_Cl,,,,,,LW1.Sub1,,
LW_Sub1_BUEL_240V_ChFlt_T,LW_Sub1_BUEL_240V_ChFlt_T,240V Backup Earth Leakage  - Channel Fault,LW_Sub1_BUEL_240V_ChFlt_T,NOT LW_Sub1_OOS,Alm_Trip,LW_Sub1_Power,Priv_Alarm,Area_LW_Sub1,240V Backup Earth Leakage  - Channel Fault,,,LW903 Sub1,,,,,,,,LW1_Cl,,,,,,LW1.Sub1,,
LW_Sub1_BUEL_240V_HH_T,LW_Sub1_BUEL_240V_HH_T,240V Backup Earth Leakage  - High High Level Alarm,LW_Sub1_BUEL_240V_HH_T,NOT LW_Sub1_OOS,Alm_Trip,LW_Sub1_Power,Priv_Alarm,Area_LW_Sub1,240V Backup Earth Leakage  - High High Level Alarm,,,LW903 Sub1,,,,,,,,LW1_Cl,,,,,,LW1.Sub1,,
LW_Sub1_BUEL_240V_H_W,LW_Sub1_BUEL_240V_H_W,240V Backup Earth Leakage  - High Level Alarm,LW_Sub1_BUEL_240V_H_W,NOT LW_Sub1_OOS,Alm_Warning,LW_Sub1_Power,Priv_Alarm,Area_LW_Sub1,240V Backup Earth Leakage  - High Level Alarm,,,LW903 Sub1,,,,,,,,LW1_Cl,,,,,,LW1.Sub1,,
LW_Sub1_BUEL_240V_L_W,LW_Sub1_BUEL_240V_L_W,240V Backup Earth Leakage  - Low Level Alarm,LW_Sub1_BUEL_240V_L_W,NOT LW_Sub1_OOS,Alm_Warning,LW_Sub1_Power,Priv_Alarm,Area_LW_Sub1,240V Backup Earth Leakage  - Low Level Alarm,,,LW903 Sub1,,,,,,,,LW1_Cl,,,,,,LW1.Sub1,,
LW_Sub1_BUEL_240V_LL_T,LW_Sub1_BUEL_240V_LL_T,240V Backup Earth Leakage  - Low Low Level Alarm,LW_Sub1_BUEL_240V_LL_T,NOT LW_Sub1_OOS,Alm_Trip,LW_Sub1_Power,Priv_Alarm,Area_LW_Sub1,240V Backup Earth Leakage  - Low Low Level Alarm,,,LW903 Sub1,,,,,,,,LW1_Cl,,,,,,LW1.Sub1,,
LW_Sub1_HT110_BUEL_ChFlt_T,LW_Sub1_HT110_BUEL_ChFlt_T,HT110 Backup Earth Leakage  - Channel Fault,LW_Sub1_HT110_BUEL_ChFlt_T,NOT LW_Sub1_OOS,Alm_Trip,LW_Sub1_Power,Priv_Alarm,Area_LW_Sub1,HT110 Backup Earth Leakage  - Channel Fault,,,LW903 Sub1,,,,,,,,LW1_Cl,,,,,,LW1.Sub1,,
LW_Sub1_HT110_BUEL_HH_T,LW_Sub1_HT110_BUEL_HH_T,HT110 Backup Earth Leakage  - High High Level Alarm,LW_Sub1_HT110_BUEL_HH_T,NOT LW_Sub1_OOS,Alm_Trip,LW_Sub1_Power,Priv_Alarm,Area_LW_Sub1,HT110 Backup Earth Leakage  - High High Level Alarm,,,LW903 Sub1,,,,,,,,LW1_Cl,,,,,,LW1.Sub1,,
LW_Sub1_HT110_BUEL_H_W,LW_Sub1_HT110_BUEL_H_W,HT110 Backup Earth Leakage  - High Level Alarm,LW_Sub1_HT110_BUEL_H_W,NOT LW_Sub1_OOS,Alm_Warning,LW_Sub1_Power,Priv_Alarm,Area_LW_Sub1,HT110 Backup Earth Leakage  - High Level Alarm,,,LW903 Sub1,,,,,,,,LW1_Cl,,,,,,LW1.Sub1,,
LW_Sub1_HT110_BUEL_L_W,LW_Sub1_HT110_BUEL_L_W,HT110 Backup Earth Leakage  - Low Level Alarm,LW_Sub1_HT110_BUEL_L_W,NOT LW_Sub1_OOS,Alm_Warning,LW_Sub1_Power,Priv_Alarm,Area_LW_Sub1,HT110 Backup Earth Leakage  - Low Level Alarm,,,LW903 Sub1,,,,,,,,LW1_Cl,,,,,,LW1.Sub1,,
LW_Sub1_HT110_BUEL_LL_T,LW_Sub1_HT110_BUEL_LL_T,HT110 Backup Earth Leakage  - Low Low Level Alarm,LW_Sub1_HT110_BUEL_LL_T,NOT LW_Sub1_OOS,Alm_Trip,LW_Sub1_Power,Priv_Alarm,Area_LW_Sub1,HT110 Backup Earth Leakage  - Low Low Level Alarm,,,LW903 Sub1,,,,,,,,LW1_Cl,,,,,,LW1.Sub1,,
LW_Sub1_Comp_HT_Busway_Temp_ChFlt_T,LW_Sub1_Comp_HT_Busway_Temp_ChFlt_T,HT Busway Compartment Temperature - Channel Fault,LW_Sub1_Comp_HT_Busway_Temp_ChFlt_T,NOT LW_Sub1_OOS,Alm_Trip,LW_Sub1_Power,Priv_Alarm,Area_LW_Sub1,HT Busway Compartment Temperature - Channel Fault,,,LW903 Sub1,,,,,,,,LW1_Cl,,,,,,LW1.Sub1,,
LW_Sub1_Comp_HT_Busway_Temp_HH_T,LW_Sub1_Comp_HT_Busway_Temp_HH_T,HT Busway Compartment Temperature - High High Level Alarm,LW_Sub1_Comp_HT_Busway_Temp_HH_T,NOT LW_Sub1_OOS,Alm_Trip,LW_Sub1_Power,Priv_Alarm,Area_LW_Sub1,HT Busway Compartment Temperature - High High Level Alarm,,,LW903 Sub1,,,,,,,,LW1_Cl,,,,,,LW1.Sub1,,
LW_Sub1_Comp_HT_Busway_Temp_H_W,LW_Sub1_Comp_HT_Busway_Temp_H_W,HT Busway Compartment Temperature - High Level Alarm,LW_Sub1_Comp_HT_Busway_Temp_H_W,NOT LW_Sub1_OOS,Alm_Warning,LW_Sub1_Power,Priv_Alarm,Area_LW_Sub1,HT Busway Compartment Temperature - High Level Alarm,,,LW903 Sub1,,,,,,,,LW1_Cl,,,,,,LW1.Sub1,,
LW_Sub1_Comp_HT_Busway_Temp_L_W,LW_Sub1_Comp_HT_Busway_Temp_L_W,HT Busway Compartment Temperature - Low Level Alarm,LW_Sub1_Comp_HT_Busway_Temp_L_W,NOT LW_Sub1_OOS,Alm_Warning,LW_Sub1_Power,Priv_Alarm,Area_LW_Sub1,HT Busway Compartment Temperature - Low Level Alarm,,,LW903 Sub1,,,,,,,,LW1_Cl,,,,,,LW1.Sub1,,
LW_Sub1_Comp_HT_Busway_Temp_LL_T,LW_Sub1_Comp_HT_Busway_Temp_LL_T,HT Busway Compartment Temperature - Low Low Level Alarm,LW_Sub1_Comp_HT_Busway_Temp_LL_T,NOT LW_Sub1_OOS,Alm_Trip,LW_Sub1_Power,Priv_Alarm,Area_LW_Sub1,HT Busway Compartment Temperature - Low Low Level Alarm,,,LW903 Sub1,,,,,,,,LW1_Cl,,,,,,LW1.Sub1,,
LW_Sub1_Comp_PLC_Temp_ChFlt_T,LW_Sub1_Comp_PLC_Temp_ChFlt_T,PLC Compartment Temperature - Channel Fault,LW_Sub1_Comp_PLC_Temp_ChFlt_T,NOT LW_Sub1_OOS,Alm_Trip,LW_Sub1_Power,Priv_Alarm,Area_LW_Sub1,PLC Compartment Temperature - Channel Fault,,,LW903 Sub1,,,,,,,,LW1_Cl,,,,,,LW1.Sub1,,
LW_Sub1_Comp_PLC_Temp_HH_T,LW_Sub1_Comp_PLC_Temp_HH_T,PLC Compartment Temperature - High High Level Alarm,LW_Sub1_Comp_PLC_Temp_HH_T,NOT LW_Sub1_OOS,Alm_Trip,LW_Sub1_Power,Priv_Alarm,Area_LW_Sub1,PLC Compartment Temperature - High High Level Alarm,,,LW903 Sub1,,,,,,,,LW1_Cl,,,,,,LW1.Sub1,,
LW_Sub1_Comp_PLC_Temp_H_W,LW_Sub1_Comp_PLC_Temp_H_W,PLC Compartment Temperature - High Level Alarm,LW_Sub1_Comp_PLC_Temp_H_W,NOT LW_Sub1_OOS,Alm_Warning,LW_Sub1_Power,Priv_Alarm,Area_LW_Sub1,PLC Compartment Temperature - High Level Alarm,,,LW903 Sub1,,,,,,,,LW1_Cl,,,,,,LW1.Sub1,,
LW_Sub1_Comp_PLC_Temp_L_W,LW_Sub1_Comp_PLC_Temp_L_W,PLC Compartment Temperature - Low Level Alarm,LW_Sub1_Comp_PLC_Temp_L_W,NOT LW_Sub1_OOS,Alm_Warning,LW_Sub1_Power,Priv_Alarm,Area_LW_Sub1,PLC Compartment Temperature - Low Level Alarm,,,LW903 Sub1,,,,,,,,LW1_Cl,,,,,,LW1.Sub1,,
LW_Sub1_Comp_PLC_Temp_LL_T,LW_Sub1_Comp_PLC_Temp_LL_T,PLC Compartment Temperature - Low Low Level Alarm,LW_Sub1_Comp_PLC_Temp_LL_T,NOT LW_Sub1_OOS,Alm_Trip,LW_Sub1_Power,Priv_Alarm,Area_LW_Sub1,PLC Compartment Temperature - Low Low Level Alarm,,,LW903 Sub1,,,,,,,,LW1_Cl,,,,,,LW1.Sub1,,
LW_Sub1_Comp_LT_Face_Control_Temp_ChFlt_T,LW_Sub1_Comp_LT_Face_Control_Temp_ChFlt_T,LT Face Control Compartment RTD - Channel Fault,LW_Sub1_Comp_LT_Face_Control_Temp_ChFlt_T,NOT LW_Sub1_OOS,Alm_Trip,LW_Sub1_Power,Priv_Alarm,Area_LW_Sub1,LT Face Control Compartment RTD - Channel Fault,,,LW903 Sub1,,,,,,,,LW1_Cl,,,,,,LW1.Sub1,,
LW_Sub1_Comp_LT_Face_Control_Temp_HH_T,LW_Sub1_Comp_LT_Face_Control_Temp_HH_T,LT Face Control Compartment RTD - High High Level Alarm,LW_Sub1_Comp_LT_Face_Control_Temp_HH_T,NOT LW_Sub1_OOS,Alm_Trip,LW_Sub1_Power,Priv_Alarm,Area_LW_Sub1,LT Face Control Compartment RTD - High High Level Alarm,,,LW903 Sub1,,,,,,,,LW1_Cl,,,,,,LW1.Sub1,,
LW_Sub1_Comp_LT_Face_Control_Temp_H_W,LW_Sub1_Comp_LT_Face_Control_Temp_H_W,LT Face Control Compartment RTD - High Level Alarm,LW_Sub1_Comp_LT_Face_Control_Temp_H_W,NOT LW_Sub1_OOS,Alm_Warning,LW_Sub1_Power,Priv_Alarm,Area_LW_Sub1,LT Face Control Compartment RTD - High Level Alarm,,,LW903 Sub1,,,,,,,,LW1_Cl,,,,,,LW1.Sub1,,
LW_Sub1_Comp_LT_Face_Control_Temp_L_W,LW_Sub1_Comp_LT_Face_Control_Temp_L_W,LT Face Control Compartment RTD - Low Level Alarm,LW_Sub1_Comp_LT_Face_Control_Temp_L_W,NOT LW_Sub1_OOS,Alm_Warning,LW_Sub1_Power,Priv_Alarm,Area_LW_Sub1,LT Face Control Compartment RTD - Low Level Alarm,,,LW903 Sub1,,,,,,,,LW1_Cl,,,,,,LW1.Sub1,,
LW_Sub1_Comp_LT_Face_Control_Temp_LL_T,LW_Sub1_Comp_LT_Face_Control_Temp_LL_T,LT Face Control Compartment RTD - Low Low Level Alarm,LW_Sub1_Comp_LT_Face_Control_Temp_LL_T,NOT LW_Sub1_OOS,Alm_Trip,LW_Sub1_Power,Priv_Alarm,Area_LW_Sub1,LT Face Control Compartment RTD - Low Low Level Alarm,,,LW903 Sub1,,,,,,,,LW1_Cl,,,,,,LW1.Sub1,,
LW_Sub1_Comp_LT_Busway_Temp_ChFlt_T,LW_Sub1_Comp_LT_Busway_Temp_ChFlt_T,LT Busway Compartment RTD - Channel Fault,LW_Sub1_Comp_LT_Busway_Temp_ChFlt_T,NOT LW_Sub1_OOS,Alm_Trip,LW_Sub1_Power,Priv_Alarm,Area_LW_Sub1,LT Busway Compartment RTD - Channel Fault,,,LW903 Sub1,,,,,,,,LW1_Cl,,,,,,LW1.Sub1,,
LW_Sub1_Comp_LT_Busway_Temp_HH_T,LW_Sub1_Comp_LT_Busway_Temp_HH_T,LT Busway Compartment RTD - High High Level Alarm,LW_Sub1_Comp_LT_Busway_Temp_HH_T,NOT LW_Sub1_OOS,Alm_Trip,LW_Sub1_Power,Priv_Alarm,Area_LW_Sub1,LT Busway Compartment RTD - High High Level Alarm,,,LW903 Sub1,,,,,,,,LW1_Cl,,,,,,LW1.Sub1,,
LW_Sub1_Comp_LT_Busway_Temp_H_W,LW_Sub1_Comp_LT_Busway_Temp_H_W,LT Busway Compartment RTD - High Level Alarm,LW_Sub1_Comp_LT_Busway_Temp_H_W,NOT LW_Sub1_OOS,Alm_Warning,LW_Sub1_Power,Priv_Alarm,Area_LW_Sub1,LT Busway Compartment RTD - High Level Alarm,,,LW903 Sub1,,,,,,,,LW1_Cl,,,,,,LW1.Sub1,,
LW_Sub1_Comp_LT_Busway_Temp_L_W,LW_Sub1_Comp_LT_Busway_Temp_L_W,LT Busway Compartment RTD - Low Level Alarm,LW_Sub1_Comp_LT_Busway_Temp_L_W,NOT LW_Sub1_OOS,Alm_Warning,LW_Sub1_Power,Priv_Alarm,Area_LW_Sub1,LT Busway Compartment RTD - Low Level Alarm,,,LW903 Sub1,,,,,,,,LW1_Cl,,,,,,LW1.Sub1,,
LW_Sub1_Comp_LT_Busway_Temp_LL_T,LW_Sub1_Comp_LT_Busway_Temp_LL_T,LT Busway Compartment RTD - Low Low Level Alarm,LW_Sub1_Comp_LT_Busway_Temp_LL_T,NOT LW_Sub1_OOS,Alm_Trip,LW_Sub1_Power,Priv_Alarm,Area_LW_Sub1,LT Busway Compartment RTD - Low Low Level Alarm,,,LW903 Sub1,,,,,,,,LW1_Cl,,,,,,LW1.Sub1,,
LW_Sub1_OTL_6_RST_c_CMD_i,LW_Sub1_OTL_6_RST_c_CMD_i,Outlet 6 - Reset Outlet Request,LW_Sub1_OTL_6_RST_c_CMD_i,NOT LW_Sub1_OOS,Alm_Event,LW_Sub1_Power,Priv_Alarm,Area_LW_Sub1,Outlet 6 - Reset Outlet Request,,,LW903 Sub1,,,,,,,,LW1_Cl,,,,,,LW1.Sub1,,
LW_Sub1_OTL_6_STA_c_CMD_i,LW_Sub1_OTL_6_STA_c_CMD_i,Outlet 6 - Start Outlet Request,LW_Sub1_OTL_6_STA_c_CMD_i,NOT LW_Sub1_OOS,Alm_Event,LW_Sub1_Power,Priv_Alarm,Area_LW_Sub1,Outlet 6 - Start Outlet Request,,,LW903 Sub1,,,,,,,,LW1_Cl,,,,,,LW1.Sub1,,
LW_Sub1_OTL_6_STO_c_CMD_i,LW_Sub1_OTL_6_STO_c_CMD_i,Outlet 6 - Stop Outlet Request,LW_Sub1_OTL_6_STO_c_CMD_i,NOT LW_Sub1_OOS,Alm_Event,LW_Sub1_Power,Priv_Alarm,Area_LW_Sub1,Outlet 6 - Stop Outlet Request,,,LW903 Sub1,,,,,,,,LW1_Cl,,,,,,LW1.Sub1,,
LW_Sub1_OTL_6_EL_TST_c_CMD_i,LW_Sub1_OTL_6_EL_TST_c_CMD_i,Outlet 6 - Earth Leakage Test Request,LW_Sub1_OTL_6_EL_TST_c_CMD_i,NOT LW_Sub1_OOS,Alm_Event,LW_Sub1_Power,Priv_Alarm,Area_LW_Sub1,Outlet 6 - Earth Leakage Test Request,,,LW903 Sub1,,,,,,,,LW1_Cl,,,,,,LW1.Sub1,,
LW_Sub1_OTL_6_EC_TST_c_CMD_i,LW_Sub1_OTL_6_EC_TST_c_CMD_i,Outlet 6 - Earth Continuity Test Request,LW_Sub1_OTL_6_EC_TST_c_CMD_i,NOT LW_Sub1_OOS,Alm_Event,LW_Sub1_Power,Priv_Alarm,Area_LW_Sub1,Outlet 6 - Earth Continuity Test Request,,,LW903 Sub1,,,,,,,,LW1_Cl,,,,,,LW1.Sub1,,
LW_Sub1_OTL_6_Earth_Leakage_ChFlt_T,LW_Sub1_OTL_6_Earth_Leakage_ChFlt_T,Outlet 6 Earth Leakage - Channel Fault,LW_Sub1_OTL_6_Earth_Leakage_ChFlt_T,NOT LW_Sub1_OOS,Alm_Trip,LW_Sub1_Power,Priv_Alarm,Area_LW_Sub1,Outlet 6 Earth Leakage - Channel Fault,,,LW903 Sub1,,,,,,,,LW1_Cl,,,,,,LW1.Sub1,,
LW_Sub1_OTL_6_Earth_Leakage_HH_T,LW_Sub1_OTL_6_Earth_Leakage_HH_T,Outlet 6 Earth Leakage - High High Level Alarm,LW_Sub1_OTL_6_Earth_Leakage_HH_T,NOT LW_Sub1_OOS,Alm_Trip,LW_Sub1_Power,Priv_Alarm,Area_LW_Sub1,Outlet 6 Earth Leakage - High High Level Alarm,,,LW903 Sub1,,,,,,,,LW1_Cl,,,,,,LW1.Sub1,,
LW_Sub1_OTL_6_Earth_Leakage_H_W,LW_Sub1_OTL_6_Earth_Leakage_H_W,Outlet 6 Earth Leakage - High Level Alarm,LW_Sub1_OTL_6_Earth_Leakage_H_W,NOT LW_Sub1_OOS,Alm_Warning,LW_Sub1_Power,Priv_Alarm,Area_LW_Sub1,Outlet 6 Earth Leakage - High Level Alarm,,,LW903 Sub1,,,,,,,,LW1_Cl,,,,,,LW1.Sub1,,
LW_Sub1_OTL_6_Earth_Leakage_L_W,LW_Sub1_OTL_6_Earth_Leakage_L_W,Outlet 6 Earth Leakage - Low Level Alarm,LW_Sub1_OTL_6_Earth_Leakage_L_W,NOT LW_Sub1_OOS,Alm_Warning,LW_Sub1_Power,Priv_Alarm,Area_LW_Sub1,Outlet 6 Earth Leakage - Low Level Alarm,,,LW903 Sub1,,,,,,,,LW1_Cl,,,,,,LW1.Sub1,,
LW_Sub1_OTL_6_Earth_Leakage_LL_T,LW_Sub1_OTL_6_Earth_Leakage_LL_T,Outlet 6 Earth Leakage - Low Low Level Alarm,LW_Sub1_OTL_6_Earth_Leakage_LL_T,NOT LW_Sub1_OOS,Alm_Trip,LW_Sub1_Power,Priv_Alarm,Area_LW_Sub1,Outlet 6 Earth Leakage - Low Low Level Alarm,,,LW903 Sub1,,,,,,,,LW1_Cl,,,,,,LW1.Sub1,,
LW_Sub1_OTL_7_RST_c_CMD_i,LW_Sub1_OTL_7_RST_c_CMD_i,Outlet 7  - Reset Outlet Request,LW_Sub1_OTL_7_RST_c_CMD_i,NOT LW_Sub1_OOS,Alm_Event,LW_Sub1_Power,Priv_Alarm,Area_LW_Sub1,Outlet 7  - Reset Outlet Request,,,LW903 Sub1,,,,,,,,LW1_Cl,,,,,,LW1.Sub1,,
LW_Sub1_OTL_7_STA_c_CMD_i,LW_Sub1_OTL_7_STA_c_CMD_i,Outlet 7  - Start Outlet Request,LW_Sub1_OTL_7_STA_c_CMD_i,NOT LW_Sub1_OOS,Alm_Event,LW_Sub1_Power,Priv_Alarm,Area_LW_Sub1,Outlet 7  - Start Outlet Request,,,LW903 Sub1,,,,,,,,LW1_Cl,,,,,,LW1.Sub1,,
LW_Sub1_OTL_7_STO_c_CMD_i,LW_Sub1_OTL_7_STO_c_CMD_i,Outlet 7  - Stop Outlet Request,LW_Sub1_OTL_7_STO_c_CMD_i,NOT LW_Sub1_OOS,Alm_Event,LW_Sub1_Power,Priv_Alarm,Area_LW_Sub1,Outlet 7  - Stop Outlet Request,,,LW903 Sub1,,,,,,,,LW1_Cl,,,,,,LW1.Sub1,,
LW_Sub1_OTL_7_EL_TST_c_CMD_i,LW_Sub1_OTL_7_EL_TST_c_CMD_i,Outlet 7  - Earth Leakage Test Request,LW_Sub1_OTL_7_EL_TST_c_CMD_i,NOT LW_Sub1_OOS,Alm_Event,LW_Sub1_Power,Priv_Alarm,Area_LW_Sub1,Outlet 7  - Earth Leakage Test Request,,,LW903 Sub1,,,,,,,,LW1_Cl,,,,,,LW1.Sub1,,
LW_Sub1_OTL_7_EC_TST_c_CMD_i,LW_Sub1_OTL_7_EC_TST_c_CMD_i,Outlet 7  - Earth Continuity Test Request,LW_Sub1_OTL_7_EC_TST_c_CMD_i,NOT LW_Sub1_OOS,Alm_Event,LW_Sub1_Power,Priv_Alarm,Area_LW_Sub1,Outlet 7  - Earth Continuity Test Request,,,LW903 Sub1,,,,,,,,LW1_Cl,,,,,,LW1.Sub1,,
LW_Sub1_OTL_7_Earth_Leakage_ChFlt_T,LW_Sub1_OTL_7_Earth_Leakage_ChFlt_T,Outlet 7 Earth Leakage - Channel Fault,LW_Sub1_OTL_7_Earth_Leakage_ChFlt_T,NOT LW_Sub1_OOS,Alm_Trip,LW_Sub1_Power,Priv_Alarm,Area_LW_Sub1,Outlet 7 Earth Leakage - Channel Fault,,,LW903 Sub1,,,,,,,,LW1_Cl,,,,,,LW1.Sub1,,
LW_Sub1_OTL_7_Earth_Leakage_HH_T,LW_Sub1_OTL_7_Earth_Leakage_HH_T,Outlet 7 Earth Leakage - High High Level Alarm,LW_Sub1_OTL_7_Earth_Leakage_HH_T,NOT LW_Sub1_OOS,Alm_Trip,LW_Sub1_Power,Priv_Alarm,Area_LW_Sub1,Outlet 7 Earth Leakage - High High Level Alarm,,,LW903 Sub1,,,,,,,,LW1_Cl,,,,,,LW1.Sub1,,
LW_Sub1_OTL_7_Earth_Leakage_H_W,LW_Sub1_OTL_7_Earth_Leakage_H_W,Outlet 7 Earth Leakage - High Level Alarm,LW_Sub1_OTL_7_Earth_Leakage_H_W,NOT LW_Sub1_OOS,Alm_Warning,LW_Sub1_Power,Priv_Alarm,Area_LW_Sub1,Outlet 7 Earth Leakage - High Level Alarm,,,LW903 Sub1,,,,,,,,LW1_Cl,,,,,,LW1.Sub1,,
LW_Sub1_OTL_7_Earth_Leakage_L_W,LW_Sub1_OTL_7_Earth_Leakage_L_W,Outlet 7 Earth Leakage - Low Level Alarm,LW_Sub1_OTL_7_Earth_Leakage_L_W,NOT LW_Sub1_OOS,Alm_Warning,LW_Sub1_Power,Priv_Alarm,Area_LW_Sub1,Outlet 7 Earth Leakage - Low Level Alarm,,,LW903 Sub1,,,,,,,,LW1_Cl,,,,,,LW1.Sub1,,
LW_Sub1_OTL_7_Earth_Leakage_LL_T,LW_Sub1_OTL_7_Earth_Leakage_LL_T,Outlet 7 Earth Leakage - Low Low Level Alarm,LW_Sub1_OTL_7_Earth_Leakage_LL_T,NOT LW_Sub1_OOS,Alm_Trip,LW_Sub1_Power,Priv_Alarm,Area_LW_Sub1,Outlet 7 Earth Leakage - Low Low Level Alarm,,,LW903 Sub1,,,,,,,,LW1_Cl,,,,,,LW1.Sub1,,
LW_Sub1_TXF_Sepam_U1_PhaseOvercurrent,LW_Sub1_TXF_Sepam_U1_PhaseOvercurrent,Transformer Sepam - U1 Phase Overcurrent,LW_Sub1_TXF_Sepam_U1_PhaseOvercurrent,NOT LW_Sub1_OOS,Alm_Trip,LW_Sub1_Power,Priv_Alarm,Area_LW_Sub1,Transformer Sepam - U1 Phase Overcurrent,,,LW903 Sub1,,,,,,,,LW1_Cl,,,,,,LW1.Sub1,,
LW_Sub1_TXF_Sepam_U2_PhaseOvercurrent,LW_Sub1_TXF_Sepam_U2_PhaseOvercurrent,Transformer Sepam - U2 Phase Overcurrent,LW_Sub1_TXF_Sepam_U2_PhaseOvercurrent,NOT LW_Sub1_OOS,Alm_Trip,LW_Sub1_Power,Priv_Alarm,Area_LW_Sub1,Transformer Sepam - U2 Phase Overcurrent,,,LW903 Sub1,,,,,,,,LW1_Cl,,,,,,LW1.Sub1,,
LW_Sub1_TXF_Sepam_U3_PhaseOvercurrent,LW_Sub1_TXF_Sepam_U3_PhaseOvercurrent,Transformer Sepam - U3 Phase Overcurrent,LW_Sub1_TXF_Sepam_U3_PhaseOvercurrent,NOT LW_Sub1_OOS,Alm_Trip,LW_Sub1_Power,Priv_Alarm,Area_LW_Sub1,Transformer Sepam - U3 Phase Overcurrent,,,LW903 Sub1,,,,,,,,LW1_Cl,,,,,,LW1.Sub1,,
LW_Sub1_TXF_Sepam_U4_PhaseOvercurrent,LW_Sub1_TXF_Sepam_U4_PhaseOvercurrent,Transformer Sepam - U4 Phase Overcurrent,LW_Sub1_TXF_Sepam_U4_PhaseOvercurrent,NOT LW_Sub1_OOS,Alm_Trip,LW_Sub1_Power,Priv_Alarm,Area_LW_Sub1,Transformer Sepam - U4 Phase Overcurrent,,,LW903 Sub1,,,,,,,,LW1_Cl,,,,,,LW1.Sub1,,
LW_Sub1_TXF_Sepam_U1_EarthFault,LW_Sub1_TXF_Sepam_U1_EarthFault,Transformer Sepam - U1 Earth Fault,LW_Sub1_TXF_Sepam_U1_EarthFault,NOT LW_Sub1_OOS,Alm_Trip,LW_Sub1_Power,Priv_Alarm,Area_LW_Sub1,Transformer Sepam - U1 Earth Fault,,,LW903 Sub1,,,,,,,,LW1_Cl,,,,,,LW1.Sub1,,
LW_Sub1_TXF_Sepam_U2_EarthFault,LW_Sub1_TXF_Sepam_U2_EarthFault,Transformer Sepam - U2 Earth Fault,LW_Sub1_TXF_Sepam_U2_EarthFault,NOT LW_Sub1_OOS,Alm_Trip,LW_Sub1_Power,Priv_Alarm,Area_LW_Sub1,Transformer Sepam - U2 Earth Fault,,,LW903 Sub1,,,,,,,,LW1_Cl,,,,,,LW1.Sub1,,
LW_Sub1_TXF_Sepam_U3_EarthFault,LW_Sub1_TXF_Sepam_U3_EarthFault,Transformer Sepam - U3 Earth Fault,LW_Sub1_TXF_Sepam_U3_EarthFault,NOT LW_Sub1_OOS,Alm_Trip,LW_Sub1_Power,Priv_Alarm,Area_LW_Sub1,Transformer Sepam - U3 Earth Fault,,,LW903 Sub1,,,,,,,,LW1_Cl,,,,,,LW1.Sub1,,
LW_Sub1_TXF_Sepam_U4_EarthFault,LW_Sub1_TXF_Sepam_U4_EarthFault,Transformer Sepam - U4 Earth Fault,LW_Sub1_TXF_Sepam_U4_EarthFault,NOT LW_Sub1_OOS,Alm_Trip,LW_Sub1_Power,Priv_Alarm,Area_LW_Sub1,Transformer Sepam - U4 Earth Fault,,,LW903 Sub1,,,,,,,,LW1_Cl,,,,,,LW1.Sub1,,
LW_Sub1_TXF_Sepam_U1_UnderVoltage,LW_Sub1_TXF_Sepam_U1_UnderVoltage,Transformer Sepam - U1 Undervoltage,LW_Sub1_TXF_Sepam_U1_UnderVoltage,NOT LW_Sub1_OOS,Alm_Trip,LW_Sub1_Power,Priv_Alarm,Area_LW_Sub1,Transformer Sepam - U1 Undervoltage,,,LW903 Sub1,,,,,,,,LW1_Cl,,,,,,LW1.Sub1,,
LW_Sub1_TXF_Sepam_U2_UnderVoltage,LW_Sub1_TXF_Sepam_U2_UnderVoltage,Transformer Sepam - U2 Undervoltage,LW_Sub1_TXF_Sepam_U2_UnderVoltage,NOT LW_Sub1_OOS,Alm_Trip,LW_Sub1_Power,Priv_Alarm,Area_LW_Sub1,Transformer Sepam - U2 Undervoltage,,,LW903 Sub1,,,,,,,,LW1_Cl,,,,,,LW1.Sub1,,
LW_Sub1_TXF_Sepam_U1_OverVoltage,LW_Sub1_TXF_Sepam_U1_OverVoltage,Transformer Sepam - U1 Overvoltage,LW_Sub1_TXF_Sepam_U1_OverVoltage,NOT LW_Sub1_OOS,Alm_Trip,LW_Sub1_Power,Priv_Alarm,Area_LW_Sub1,Transformer Sepam - U1 Overvoltage,,,LW903 Sub1,,,,,,,,LW1_Cl,,,,,,LW1.Sub1,,
LW_Sub1_TXF_Sepam_U2_OverVoltage,LW_Sub1_TXF_Sepam_U2_OverVoltage,Transformer Sepam - U2 Overvoltage,LW_Sub1_TXF_Sepam_U2_OverVoltage,NOT LW_Sub1_OOS,Alm_Trip,LW_Sub1_Power,Priv_Alarm,Area_LW_Sub1,Transformer Sepam - U2 Overvoltage,,,LW903 Sub1,,,,,,,,LW1_Cl,,,,,,LW1.Sub1,,
LW_Sub1_TXF_Sepam_U1_NeutralOverVoltage,LW_Sub1_TXF_Sepam_U1_NeutralOverVoltage,Transformer Sepam - U1 Neutral Overvoltage,LW_Sub1_TXF_Sepam_U1_NeutralOverVoltage,NOT LW_Sub1_OOS,Alm_Trip,LW_Sub1_Power,Priv_Alarm,Area_LW_Sub1,Transformer Sepam - U1 Neutral Overvoltage,,,LW903 Sub1,,,,,,,,LW1_Cl,,,,,,LW1.Sub1,,
LW_Sub1_TXF_Sepam_U2_NeutralOverVoltage,LW_Sub1_TXF_Sepam_U2_NeutralOverVoltage,Transformer Sepam - U2 Neutral Overvoltage,LW_Sub1_TXF_Sepam_U2_NeutralOverVoltage,NOT LW_Sub1_OOS,Alm_Trip,LW_Sub1_Power,Priv_Alarm,Area_LW_Sub1,Transformer Sepam - U2 Neutral Overvoltage,,,LW903 Sub1,,,,,,,,LW1_Cl,,,,,,LW1.Sub1,,
LW_Sub1_TXF_Sepam_U1_OverFrequency,LW_Sub1_TXF_Sepam_U1_OverFrequency,Transformer Sepam - U1 Overfrequency,LW_Sub1_TXF_Sepam_U1_OverFrequency,NOT LW_Sub1_OOS,Alm_Trip,LW_Sub1_Power,Priv_Alarm,Area_LW_Sub1,Transformer Sepam - U1 Overfrequency,,,LW903 Sub1,,,,,,,,LW1_Cl,,,,,,LW1.Sub1,,
LW_Sub1_TXF_Sepam_U2_OverFrequency,LW_Sub1_TXF_Sepam_U2_OverFrequency,Transformer Sepam - U2 Overfrequency,LW_Sub1_TXF_Sepam_U2_OverFrequency,NOT LW_Sub1_OOS,Alm_Trip,LW_Sub1_Power,Priv_Alarm,Area_LW_Sub1,Transformer Sepam - U2 Overfrequency,,,LW903 Sub1,,,,,,,,LW1_Cl,,,,,,LW1.Sub1,,
LW_Sub1_TXF_Sepam_U1_UnderFrequency,LW_Sub1_TXF_Sepam_U1_UnderFrequency,Transformer Sepam - U1 Underfrequency,LW_Sub1_TXF_Sepam_U1_UnderFrequency,NOT LW_Sub1_OOS,Alm_Trip,LW_Sub1_Power,Priv_Alarm,Area_LW_Sub1,Transformer Sepam - U1 Underfrequency,,,LW903 Sub1,,,,,,,,LW1_Cl,,,,,,LW1.Sub1,,
LW_Sub1_TXF_Sepam_U2_UnderFrequency,LW_Sub1_TXF_Sepam_U2_UnderFrequency,Transformer Sepam - U2 Underfrequency,LW_Sub1_TXF_Sepam_U2_UnderFrequency,NOT LW_Sub1_OOS,Alm_Trip,LW_Sub1_Power,Priv_Alarm,Area_LW_Sub1,Transformer Sepam - U2 Underfrequency,,,LW903 Sub1,,,,,,,,LW1_Cl,,,,,,LW1.Sub1,,
LW_Sub1_TXF_Sepam_U3_UnderFrequency,LW_Sub1_TXF_Sepam_U3_UnderFrequency,Transformer Sepam - U3 Underfrequency,LW_Sub1_TXF_Sepam_U3_UnderFrequency,NOT LW_Sub1_OOS,Alm_Trip,LW_Sub1_Power,Priv_Alarm,Area_LW_Sub1,Transformer Sepam - U3 Underfrequency,,,LW903 Sub1,,,,,,,,LW1_Cl,,,,,,LW1.Sub1,,
LW_Sub1_TXF_Sepam_U4_UnderFrequency,LW_Sub1_TXF_Sepam_U4_UnderFrequency,Transformer Sepam - U4 Underfrequency,LW_Sub1_TXF_Sepam_U4_UnderFrequency,NOT LW_Sub1_OOS,Alm_Trip,LW_Sub1_Power,Priv_Alarm,Area_LW_Sub1,Transformer Sepam - U4 Underfrequency,,,LW903 Sub1,,,,,,,,LW1_Cl,,,,,,LW1.Sub1,,
LW_Sub1_TXF_Sepam_NegativeSeqOverVoltage,LW_Sub1_TXF_Sepam_NegativeSeqOverVoltage,Transformer Sepam - Negative Sequence Overvoltage,LW_Sub1_TXF_Sepam_NegativeSeqOverVoltage,NOT LW_Sub1_OOS,Alm_Trip,LW_Sub1_Power,Priv_Alarm,Area_LW_Sub1,Transformer Sepam - Negative Sequence Overvoltage,,,LW903 Sub1,,,,,,,,LW1_Cl,,,,,,LW1.Sub1,,
LW_Sub1_TXF_Sepam_BreakerFailure,LW_Sub1_TXF_Sepam_BreakerFailure,Transformer Sepam - Breaker Failure,LW_Sub1_TXF_Sepam_BreakerFailure,NOT LW_Sub1_OOS,Alm_Trip,LW_Sub1_Power,Priv_Alarm,Area_LW_Sub1,Transformer Sepam - Breaker Failure,,,LW903 Sub1,,,,,,,,LW1_Cl,,,,,,LW1.Sub1,,
LW_Sub1_TXF_Sepam_Comms_T,LW_Sub1_TXF_Sepam_Comms_T,Transformer Sepam - Communications Error,LW_Sub1_TXF_Sepam_Comms_T,NOT LW_Sub1_OOS,Alm_Trip,LW_Sub1_Power,Priv_Alarm,Area_LW_Sub1,Transformer Sepam - Communications Error,,,LW903 Sub1,,,,,,,,LW1_Cl,,,,,,LW1.Sub1,,
LW_Sub1_Cisco_402N2_Status_ConnectionFaulted,LW_Sub1_Cisco_402N2_Status_ConnectionFaulted,Cisco - Connection Faulted,LW_Sub1_Cisco_402N2_Status_ConnectionFaulted,NOT LW_Sub1_OOS,Alm_Warning,LW_Sub1_PLC,Priv_Alarm,Area_LW_Sub1,Cisco - Connection Faulted,,,LW903 Sub1,,,,,,,,LW1_Cl,,,,,,LW1.Sub1,,
